seqName	clade	qc.overallScore	qc.overallStatus	totalGaps	totalInsertions	totalMissing	totalMutations	totalNonACGTNs	totalPcrPrimerChanges	substitutions	deletions	insertions	missing	nonACGTNs	pcrPrimerChanges	aaSubstitutions	totalAminoacidSubstitutions	aaDeletions	totalAminoacidDeletions	alignmentEnd	alignmentScore	alignmentStart	qc.missingData.missingDataThreshold	qc.missingData.score	qc.missingData.status	qc.missingData.totalMissing	qc.mixedSites.mixedSitesThreshold	qc.mixedSites.score	qc.mixedSites.status	qc.mixedSites.totalMixedSites	qc.privateMutations.cutoff	qc.privateMutations.excess	qc.privateMutations.score	qc.privateMutations.status	qc.privateMutations.total	qc.snpClusters.clusteredSNPs	qc.snpClusters.score	qc.snpClusters.status	qc.snpClusters.totalSNPs	errors
WUSTL_000437_L001	20J (Gamma, V3)	3543.0401234567903	bad	0	0	16335	13	4	3	T733C,C2749T,A5648C,C17745T,G23149T,A23403G,C24642T,C25791T,A28877T,G28878C,G28881A,G28882A,G28883C			642-665,1005-1265,2243-2530,2590-2653,2756-3167,3508-4659,5297-5587,6248-7652,7998-8276,8955-9227,9558-9807,10147-11585,12466-14571,14899-15194,16187-16771,17131-17698,18037-18619,18958-19233,19592-20201,20543-23145,23501-23813,24766-25302,25970-26220,26877,27191-27606,27697-28263,28465-28700,29042-29317	R:8793,K:15339,Y:24149,Y:26404	ChinaCDC_N_F:G28881A;G28882A;G28883C	N:R203K,N:G204R,ORF1a:K1795Q,S:K529N,S:D614G,S:T1027I	6		0	29664	87018	641	3000	593.8888888888889	bad	16335	10	40	mediocre	4	24	-5	0	good	3		0	good	0	
WUSTL_000423_L001	20I (Alpha, V1)	847.6878737997257	bad	12	0	961	37	29	4	C241T,C913T,C3037T,C3267T,G4908A,C5388A,C5986T,T6954C,C7299T,C10868T,C11750T,C14408T,T14619C,C14676T,T15096C,C15279T,T16176C,A23063T,C23271A,A23403G,C23604A,C23709T,T24506G,G24914C,G25489T,C27972T,G28048T,A28095T,A28111G,G28280C,A28281T,T28282A,G28881A,G28882A,G28883C,C28977T,G29781T	11288-11297,28274,28415-28417		29-55,7204,8740,11502-11504,12744,15474,16060,18740-18750,18958-19233,20232-20497,21428-21552,21744-21994,24567,29868-29871	Y:1090,S:4317,Y:5730,W:6157,K:6158,Y:6541,Y:8650,S:10167,Y:10809,R:11252,Y:11601,K:11939,M:11970,R:12604,Y:13255,Y:13499,K:13723,K:14030,Y:16691,Y:19875,K:20725,Y:20823,K:22772,K:23236,Y:23475,K:26931,Y:27016,Y:27527,Y:27625	ChinaCDC_N_F:G28881A;G28882A;G28883C,ChinaCDC_N_R:C28977T	N:M1X,N:D3L,N:N48X,N:R203K,N:G204R,N:S235F,ORF1a:T1001I,ORF1a:G1548D,ORF1a:A1708D,ORF1a:I2230T,ORF1a:A2345V,ORF1a:L3829F,ORF1b:P314L,ORF3a:A33S,ORF8:Q27*,ORF8:R52I,ORF8:K68*,ORF8:Y73C,ORF9b:I44X,ORF9b:I45X,S:N501Y,S:A570D,S:D614G,S:P681H,S:T716I,S:S982A,S:D1118H	27	ORF1a:S3675-,ORF1a:G3676-,ORF1a:F3677-	3	29869	89328	28	3000	24.48148148148148	good	961	10	290	bad	29	24	2	8.333333333333334	good	10		0	good	0	
WUSTL_000412_L001	20J (Gamma, V3)	9.385404663923183	good	9	4	736	41	2	4	C241T,T733C,C1190T,C2749T,C3037T,C3828T,A5648C,A6319G,C6541T,A6613G,C6762T,G7641T,C11020T,C12778T,C12781T,C13860T,C14408T,G17259T,C17745T,C21614T,C21621A,C21638T,G21974T,A22812C,G23012A,A23063T,A23403G,C23525T,C23625T,C24642T,G25088T,T26149C,C27944T,G28167A,C28512G,A28877T,G28878C,G28881A,G28882A,G28883C,T29834A	21985-21994	28269:AAAC	30-55,3508-3796,11076-11137,11251-11306,22014-22291,29841-29871	R:2869,H:11075	ChinaCDC_N_F:G28881A;G28882A;G28883C,Pasteur_IP2_R:C12781T	N:P80R,N:R203K,N:G204R,ORF1a:P309S,ORF1a:S1188L,ORF1a:K1795Q,ORF1a:T2166I,ORF1a:C2459F,ORF1b:P314L,ORF1b:E1264D,ORF3a:S253P,ORF8:E92K,ORF9b:Q77E,S:L18F,S:T20N,S:P26S,S:D138Y,S:L141F,S:K417T,S:E484K,S:N501Y,S:D614G,S:H655Y,S:A688V,S:T1027I,S:V1176F	26	S:G142-,S:V143-,S:Y144-	3	29865	89310	29	3000	16.14814814814815	good	736	10	20	good	2	24	4	16.666666666666668	good	12		0	good	0	
WUSTL_000356_L001	20J (Gamma, V3)	3629.0011111111116	bad	0	4	16509	16	5	0	T3592C,A5648C,A6319G,C12778T,C15656A,A15800C,G17259T,C17745T,G23012A,A23063T,C24642T,C25075T,G25088T,T26149C,G28167A,T29834A		28269:AAAC	1570-1573,2569-3483,3715-4636,5958-6197,6529-8620,8955-10385,10738-11307,11486-11501,12257-12733,13379-15194,15887-16749,17453-17698,18037-19233,19941-20787,21147-22820,23193-24392,25675-25925,26291-26521,26904-27165,27535-28081,28469-29012,29361-29515,29841-29872	D:1573,M:16749,R:17425,W:19940,Y:25673		ORF1a:K1795Q,ORF1b:T730K,ORF1b:Y778S,ORF1b:E1264D,ORF3a:S253P,ORF8:E92K,S:E484K,S:N501Y,S:T1027I,S:V1176F	10		0	29866	84824	1569	3000	600.3333333333334	bad	16509	10	50	mediocre	5	24	-1	0	good	7		0	good	0	
WUSTL_000377_L001	20I (Alpha, V1)	2.5625	good	19	0	45	41	1	5	C241T,C913T,C2110T,C2143T,C3037T,C3267T,C5388A,C5986T,T6954C,G7042T,A10195G,C10834T,C14120T,C14408T,C14676T,C15279T,T16176C,T18471A,C18483T,A23063T,C23271A,A23403G,C23604A,C23638T,C23709T,T24506G,G24914C,G26727T,C27972T,G28048T,G28075T,A28095T,A28111G,G28280C,A28281T,T28282A,G28881A,G28882A,G28883C,C28977T,C29642T	11288-11297,21766-21772,21994-21997,28274		16-30,29837-29868	M:31	ChinaCDC_N_F:G28881A;G28882A;G28883C,ChinaCDC_N_R:C28977T,Pasteur_IP4_P:C14120T	M:A69S,N:M1X,N:D3L,N:R203K,N:G204R,N:S235F,ORF1a:T1001I,ORF1a:A1708D,ORF1a:I2230T,ORF1a:M2259I,ORF1b:P218L,ORF1b:P314L,ORF1b:D1668E,ORF8:Q27*,ORF8:R52I,ORF8:C61F,ORF8:K68*,ORF8:Y73C,S:N501Y,S:A570D,S:D614G,S:P681H,S:T716I,S:S982A,S:D1118H	25	ORF1a:S3675-,ORF1a:G3676-,ORF1a:F3677-,S:H69-,S:V70-,S:Y144-	6	29866	89317	15	3000	0	good	45	10	10	good	1	24	3	12.5	good	11		0	good	0	
WUSTL_000411_L001	20I (Alpha, V1)	294.9919787379973	bad	18	0	647	25	17	4	C241T,C913T,C3037T,C3267T,C5986T,T6954C,C7299T,C11750T,C14676T,T15096C,C19881T,A23063T,C23271A,A23403G,C23604A,C23709T,G24914C,G25489T,C27972T,G28048T,A28111G,G28881A,G28882A,G28883C,C28977T	11288-11297,21766-21772,21994-21997		29-55,2251-2253,5797,5815,12140-12142,14059,14301-14571,15225-15504,28073-28105,28271,29837-29869	K:1607,Y:1861,R:5250,M:5388,Y:5826,Y:6612,Y:8383,K:11083,Y:16176,Y:23328,Y:23444,K:24506,Y:26258,W:26771,S:28280,W:28281-28283	ChinaCDC_N_F:G28881A;G28882A;G28883C,ChinaCDC_N_R:C28977T	N:R203K,N:G204R,N:S235F,ORF1a:T1001I,ORF1a:I2230T,ORF1a:A2345V,ORF1a:L3829F,ORF3a:A33S,ORF8:Q27*,ORF8:R52I,ORF8:Y73C,S:N501Y,S:A570D,S:D614G,S:P681H,S:T716I,S:D1118H	17	ORF1a:S3675-,ORF1a:G3676-,ORF1a:F3677-,S:H69-,S:V70-,S:Y144-	6	29867	89352	28	3000	12.851851851851851	good	647	10	170	bad	17	24	5	20.833333333333332	good	13		0	good	0	
WUSTL_000362_L001	19A	9980.476049382714	bad	0	0	27252	4	4	3	C23606T,G28881A,G28882A,G28883C			55-779,877-4062,4428-11863,12259-12267,12359-13306,13344-17088,17431-23273,23372-23442,23849-28700,29042-29486,29868-29870	W:834,M:4424,V:12257,W:29486	ChinaCDC_N_F:G28881A;G28882A;G28883C	N:R203K,N:G204R,S:R682W	3		0	29868	89427	54	3000	998.2222222222222	bad	27252	10	40	mediocre	4	24	-7	0	good	1		0	good	0	
Control_JB4_E4_L001	19A	49	mediocre	0	0	56	4	7	0	T29728A,T29729A,C29730G,A29731T			30-55,29837-29868	M:3536,R:5273,M:5274,R:5470,K:9095,M:18183,M:19596			0		0	29866	89496	29	3000	0	good	56	10	70	mediocre	7	24	-4	0	good	4		0	good	0	
WUSTL_000363_L001	19A	8943.479067215363	bad	9	0	25718	1	9	1	C14120T	11288-11297		343-1265,1653-2826,3211-4069,4429-7626,8021-10998,11695-13028,13379-13622,14301-20473,20892-29735	K:1319,M:1376,W:1652,M:4424,W:7626,R:8019,W:10999,W:14298,W:20891	Pasteur_IP4_P:C14120T	ORF1b:P218L	1	ORF1a:S3675-,ORF1a:G3676-,ORF1a:F3677-	3	29733	88139	342	3000	941.4074074074074	bad	25718	10	90	mediocre	9	24	-6	0	good	2		0	good	0	
WUSTL_000378_L001	20I (Alpha, V1)	1.6944444444444446	good	19	0	58	36	1	4	C241T,C913T,C3037T,C3267T,C5388A,C5986T,T6148C,T6954C,C7299T,G8813A,C11173T,C11750T,C14408T,C14676T,T15096C,C15279T,T16176C,A23063T,C23271A,A23403G,C23604A,C23709T,T24506G,G24914C,G25489T,C27972T,G28048T,A28095T,A28111G,G28280C,A28281T,T28282A,G28881A,G28882A,G28883C,C28977T	11288-11297,21766-21772,21994-21997,28274		30-55,518,11075,29837-29868	W:22516	ChinaCDC_N_F:G28881A;G28882A;G28883C,ChinaCDC_N_R:C28977T	N:M1X,N:D3L,N:R203K,N:G204R,N:S235F,ORF1a:T1001I,ORF1a:A1708D,ORF1a:I2230T,ORF1a:A2345V,ORF1a:A2850T,ORF1a:L3829F,ORF1b:P314L,ORF3a:A33S,ORF8:Q27*,ORF8:R52I,ORF8:K68*,ORF8:Y73C,S:N501Y,S:A570D,S:D614G,S:P681H,S:T716I,S:S982A,S:D1118H	24	ORF1a:S3675-,ORF1a:G3676-,ORF1a:F3677-,S:H69-,S:V70-,S:Y144-	6	29866	89295	29	3000	0	good	58	10	10	good	1	24	2	8.333333333333334	good	10		0	good	0	
WUSTL_000393_L001	20B	2.5625	good	30	0	72	32	1	3	C241T,C3037T,A3852T,C3961T,C4890T,A6028G,G7798T,C9072T,T9880C,C9891T,C10116T,C10138T,G10642T,T12965C,C14408T,G20578A,C21846T,G23012A,T23287C,A23403G,C23604A,G23948C,C24382T,C25276A,T26767C,G28209T,A28271G,G28881A,G28882A,G28883C,C29272T,C29769T	11288-11297,21994-21997,27887-27902,28896-28899		13-55,29837-29867	Y:683	ChinaCDC_N_F:G28881A;G28882A;G28883C	M:I82T,N:R203K,N:G204R,N:A208G,ORF1a:E1196V,ORF1a:T1542I,ORF1a:K2511N,ORF1a:T2936I,ORF1a:A3209V,ORF1a:T3284I,ORF1b:P314L,ORF1b:V2371M,ORF7b:*44X,ORF8:F3X,ORF8:E106*,S:T95I,S:E484K,S:D614G,S:P681H,S:D796H	20	N:R209-,ORF1a:S3675-,ORF1a:G3676-,ORF1a:F3677-,ORF8:M1-,ORF8:K2-,S:Y144-	7	29865	89326	12	3000	0	good	72	10	10	good	1	24	3	12.5	good	11		0	good	0	
WUSTL_000410_L001	20I (Alpha, V1)	0.6944444444444445	good	19	0	67	36	0	5	C241T,C913T,C3037T,C3267T,C5388A,C5986T,T6954C,C7299T,C11750T,C14408T,C14676T,T15096C,C15279T,T16176C,G17019T,A23063T,C23271A,A23403G,C23604A,C23709T,T24506G,G24914C,G25489T,C27737T,C27972T,G28048T,A28095T,A28111G,G28280C,A28281T,T28282A,G28881A,G28882A,G28883C,C28977T,C29253T	11288-11297,21766-21772,21994-21997,28274		18-55,29837-29867		HKU_N_R:C29253T,ChinaCDC_N_F:G28881A;G28882A;G28883C,ChinaCDC_N_R:C28977T	N:M1X,N:D3L,N:R203K,N:G204R,N:S235F,N:S327L,ORF1a:T1001I,ORF1a:A1708D,ORF1a:I2230T,ORF1a:A2345V,ORF1a:L3829F,ORF1b:P314L,ORF1b:E1184D,ORF3a:A33S,ORF7a:T115I,ORF8:Q27*,ORF8:R52I,ORF8:K68*,ORF8:Y73C,S:N501Y,S:A570D,S:D614G,S:P681H,S:T716I,S:S982A,S:D1118H	26	ORF1a:S3675-,ORF1a:G3676-,ORF1a:F3677-,S:H69-,S:V70-,S:Y144-	6	29865	89328	17	3000	0	good	67	10	0	good	0	24	2	8.333333333333334	good	10		0	good	0	
WUSTL_000430_L001	19A	7757.18964334705	bad	0	0	24005	1	7	0	A9492T			323-5582,5959-8914,9861-10360,10765-13337,13670-16445,16835-18596,18983-26858,27203-27512	M:5957,W:9859,K:10363,W:10764,Y:16834,K:18596,M:18980		ORF1a:H3076L	1		0	27510	81561	322	3000	877.9629629629629	bad	24005	10	70	mediocre	7	24	-7	0	good	1		0	good	0	
WUSTL_000414_L001	20J (Gamma, V3)	2.777777777777778	good	9	4	81	42	0	4	C241T,T733C,C1190T,C2749T,C3037T,C3828T,A5648C,A6319G,C6541T,A6613G,C6762T,T11239C,C12778T,C13860T,C14408T,G17259T,C17745T,C18894T,C21614T,C21621A,C21638T,G21974T,G22132T,A22812C,G23012A,A23063T,A23403G,C23525T,C23625T,C24382T,C24642T,G25088T,T26149C,G28167A,C28512G,A28877T,G28878C,G28881A,G28882A,G28883C,T29377C,T29834A	11288-11297	28269:AAAC	5-55,29841-29872		HKU_ORF_R:C18894T,ChinaCDC_N_F:G28881A;G28882A;G28883C	N:P80R,N:R203K,N:G204R,ORF1a:P309S,ORF1a:S1188L,ORF1a:K1795Q,ORF1a:T2166I,ORF1b:P314L,ORF1b:E1264D,ORF3a:S253P,ORF8:E92K,ORF9b:Q77E,S:L18F,S:T20N,S:P26S,S:D138Y,S:R190S,S:K417T,S:E484K,S:N501Y,S:D614G,S:H655Y,S:A688V,S:T1027I,S:V1176F	25	ORF1a:S3675-,ORF1a:G3676-,ORF1a:F3677-	3	29866	89384	4	3000	0	good	81	10	0	good	0	24	4	16.666666666666668	good	12		0	good	0	
WUSTL_000400_L001	20B	1.1736111111111112	good	26	0	80	20	1	3	C241T,C3037T,A5177G,C10029T,C14408T,C14786T,T19839C,G23012A,A23403G,A23756G,G25912T,C26195T,C26889T,C27005T,A27756G,A27921G,G28001T,G28881A,G28882A,G28883C	21984-21993,29749-29766		3-55,29839-29867	Y:8140	ChinaCDC_N_F:G28881A;G28882A;G28883C	M:P123S,N:R203K,N:G204R,ORF1a:T1638A,ORF1a:T3255I,ORF1b:P314L,ORF1b:A440V,ORF3a:G174C,ORF3a:T268M,ORF7b:M1V,ORF8:I10V,S:E484K,S:D614G,S:T732A	14	S:L141-,S:G142-,S:V143-	3	29865	89424	2	3000	0	good	80	10	10	good	1	24	1	4.166666666666667	good	9		0	good	0	
WUSTL_000405_L001	20I (Alpha, V1)	332.22074417009605	bad	19	0	2906	35	15	4	C241T,A802G,C913T,G1957A,A2276G,C3037T,C3267T,G3483T,G4136T,C5986T,T6954C,G8789T,A11755T,C15279T,T16176C,T20613G,C22224T,A23063T,C23271A,A23403G,C23604A,C23709T,T24506G,G25954T,C27972T,G28048T,A28111G,G28280C,A28281T,T28282A,G28881A,G28882A,G28883C,C28977T,C29739T	11288-11297,21766-21772,21994-21997,28274		29-55,3508-4069,6529-6746,7390-7652,10738-11023,14580-14896,20232-20497,24146-24417,24518,24790-25004,25970-26220,28466-28700,29538-29540,29868-29870	W:1309,Y:5031,M:5388,Y:5512,Y:5746,Y:6145,Y:14408,Y:16658,S:17278,K:18847,Y:20874,Y:28464,H:28465,K:29540,W:29867	ChinaCDC_N_F:G28881A;G28882A;G28883C,ChinaCDC_N_R:C28977T	N:M1X,N:D3L,N:R203K,N:G204R,N:S235F,ORF1a:I671V,ORF1a:T1001I,ORF1a:G1073V,ORF1a:V1291F,ORF1a:I2230T,ORF1a:G2842C,ORF3a:G188C,ORF8:Q27*,ORF8:R52I,ORF8:Y73C,S:S221L,S:N501Y,S:A570D,S:D614G,S:P681H,S:T716I,S:S982A	22	ORF1a:S3675-,ORF1a:G3676-,ORF1a:F3677-,S:H69-,S:V70-,S:Y144-	6	29868	89308	28	3000	96.51851851851852	mediocre	2906	10	150	bad	15	24	9	37.5	mediocre	17		0	good	0	
WUSTL_000408_L001	20I (Alpha, V1)	875.7491392318242	bad	11	0	8216	27	4	4	C913T,A2276G,C3267T,C3743T,G4136T,A4707G,C5986T,C14408T,C14676T,C15279T,T16176C,C22224T,A23063T,C23271A,A23403G,T24506G,G24914C,C27972T,G28048T,A28111G,G28280C,A28281T,T28282A,G28881A,G28882A,G28883C,C28977T	11288-11297,14853,28274		343-665,1943-2206,2569-3167,4143-4659,4996-5288,6248-7059,8320-8914,9246-9477,10738-11023,13075-13337,17051,18037-19571,20543-20814,21717-21994,23501-23813,24146-24417,25675-26543,27535-27784,28443-28700,29867-29869	R:5596,K:9478,Y:25673,W:26864	ChinaCDC_N_F:G28881A;G28882A;G28883C,ChinaCDC_N_R:C28977T	N:M1X,N:D3L,N:R203K,N:G204R,N:S235F,ORF1a:I671V,ORF1a:T1001I,ORF1a:H1160Y,ORF1a:V1291F,ORF1a:D1481G,ORF1b:P314L,ORF1b:F462X,ORF8:Q27*,ORF8:R52I,ORF8:Y73C,S:S221L,S:N501Y,S:A570D,S:D614G,S:S982A,S:D1118H	21	ORF1a:S3675-,ORF1a:G3676-,ORF1a:F3677-	3	29867	88423	342	3000	293.18518518518516	bad	8216	10	40	mediocre	4	24	1	4.166666666666667	good	9		0	good	0	
WUSTL_000424_L001	19B	8705.579437585733	bad	0	1	25421	2	7	0	G19518T,G25563T		12510:A	343-3771,4166-8271,8665-11863,12258-12415,12506,12675,12805-13306,13345-13598,13989-18920,19593-20174,20575-25280,25676-29236	K:4164,M:8430,S:12257,K:12804,K:13601,K:25281,Y:25674		ORF1b:L2017F,ORF3a:Q57H	2		0	29233	86662	342	3000	930.4074074074074	bad	25421	10	70	mediocre	7	24	-6	0	good	2		0	good	0	
WUSTL_000453_L001	20A	2120.6397153635116	bad	18	0	12623	11	6	0	C241T,C5388A,C11750T,C14408T,C15279T,A23403G,T24506G,G24914C,G25489T,G28673T,C28677T	11288-11297,21766-21772,21994-21997		29-55,705-1265,1624-1891,2248-2529,2883-3796,4143-4323,4667-4967,5933-9478,11585,11928-12134,12466-12733,13075-14233,14580-14866,15862-16445,16805-17088,17739-17994,18958-19571,19936-20201,20543-21105,23501-24417,26291-27165,28757-29008,29837-29868	K:9478,Y:15096,Y:27972,K:28048,W:28095,Y:28144		N:A134S,N:T135I,ORF1a:A1708D,ORF1a:L3829F,ORF1b:P314L,ORF3a:A33S,S:D614G,S:S982A,S:D1118H	9	ORF1a:S3675-,ORF1a:G3676-,ORF1a:F3677-,S:H69-,S:V70-,S:Y144-	6	29866	89405	28	3000	456.4074074074074	bad	12623	10	60	mediocre	6	24	3	12.5	good	11		0	good	0	
WUSTL_000361_L001	21A (Delta)	38.77777777777778	mediocre	13	0	255	34	6	1	G210T,C241T,C3018T,C3037T,C6402T,C7124T,C8112T,C8986T,G9053T,C10029T,A11201G,A11332G,A11456G,C14408T,G15451A,C16466T,C19220T,C21618G,G21974T,T22917G,C22995A,A23403G,C23604G,C23692T,G24410A,C25469T,T26767C,T27638C,C27752T,C27874T,A28461G,G29050A,G29402T,C29509T	22029-22035,28248-28254,28274		4012-4014,13498,13932,28757-29008	K:4181,W:5146,Y:10339,S:15315,K:29742,W:29834	Charité_RdRp_F:G15451A	M:I82T,N:M1X,N:D63G,N:D377Y,ORF1a:S918L,ORF1a:P2046L,ORF1a:P2287S,ORF1a:A2616V,ORF1a:V2930L,ORF1a:T3255I,ORF1a:T3646A,ORF1a:I3731V,ORF1b:P314L,ORF1b:G662S,ORF1b:P1000L,ORF1b:A1918V,ORF3a:S26L,ORF7a:V82A,ORF7a:T120I,ORF7b:T40I,ORF9b:T60A,S:T19R,S:D138Y,S:E156G,S:L452R,S:T478K,S:D614G,S:P681R,S:D950N	29	ORF8:D119-,ORF8:F120-,S:F157-,S:R158-	4	29835	89157	54	3000	0	good	255	10	60	mediocre	6	24	4	16.666666666666668	good	12		0	good	0	
WUSTL_000389_L001	19A	8531.32049382716	bad	0	0	25092	0	10	0				343-4069,4426-4635,5019-5277,5621-6467,6862-9807,10147-11556,11928-12715,13386-17065,17454-24078,24469-24978,25371-25925,26291-29837	M:4424,W:4638,K:5017,W:17065,M:17452-17454,W:24078,M:24467,W:25370,Y:26060			0		0	29835	88480	342	3000	918.2222222222222	bad	25092	10	100	bad	10	24	-8	0	good	0		0	good	0	
WUSTL_000396_L001	20B	5.5625	good	30	0	57	32	2	3	C241T,C3037T,A3852T,C3961T,C4890T,A6028G,G7798T,C9072T,T9880C,C9891T,C10116T,C10138T,G10642T,T12965C,C14408T,G20578A,C21846T,G23012A,T23287C,A23403G,C23604A,G23948C,C24382T,C25276A,T26767C,G28209T,A28271G,G28881A,G28882A,G28883C,C29272T,C29769T	11288-11297,21994-21997,27887-27902,28896-28899		30-55,2326,29837-29868	M:6558,K:7133	ChinaCDC_N_F:G28881A;G28882A;G28883C	M:I82T,N:R203K,N:G204R,N:A208G,ORF1a:E1196V,ORF1a:T1542I,ORF1a:K2511N,ORF1a:T2936I,ORF1a:A3209V,ORF1a:T3284I,ORF1b:P314L,ORF1b:V2371M,ORF7b:*44X,ORF8:F3X,ORF8:E106*,S:T95I,S:E484K,S:D614G,S:P681H,S:D796H	20	N:R209-,ORF1a:S3675-,ORF1a:G3676-,ORF1a:F3677-,ORF8:M1-,ORF8:K2-,S:Y144-	7	29866	89278	29	3000	0	good	57	10	20	good	2	24	3	12.5	good	11		0	good	0	
WUSTL_000358_L001	20I (Alpha, V1)	1.1736111111111112	good	19	0	62	35	1	4	C241T,C913T,C3037T,C3267T,C5388A,C5986T,T6954C,C7299T,C11750T,C14408T,C14676T,T15096C,C15279T,G15543T,T16176C,C18912A,A23063T,C23271A,A23403G,C23604A,C23709T,T24506G,G24914C,G25489T,C27972T,G28048T,A28095T,A28111G,G28280C,A28281T,T28282A,G28881A,G28882A,G28883C,C28977T	11288-11297,21766-21772,21994-21997,28274		24-55,29837-29868	K:410	ChinaCDC_N_F:G28881A;G28882A;G28883C,ChinaCDC_N_R:C28977T	N:M1X,N:D3L,N:R203K,N:G204R,N:S235F,ORF1a:T1001I,ORF1a:A1708D,ORF1a:I2230T,ORF1a:A2345V,ORF1a:L3829F,ORF1b:P314L,ORF1b:D1815E,ORF3a:A33S,ORF8:Q27*,ORF8:R52I,ORF8:K68*,ORF8:Y73C,S:N501Y,S:A570D,S:D614G,S:P681H,S:T716I,S:S982A,S:D1118H	24	ORF1a:S3675-,ORF1a:G3676-,ORF1a:F3677-,S:H69-,S:V70-,S:Y144-	6	29866	89317	23	3000	0	good	62	10	10	good	1	24	1	4.166666666666667	good	9		0	good	0	
WUSTL_000366_L001	20I (Alpha, V1)	1.1736111111111112	good	19	0	55	35	1	4	C241T,C913T,C3037T,C3267T,C5388A,C5986T,T6954C,C7299T,C11750T,C14408T,C14676T,T15096C,C15279T,G15543T,T16176C,C18912A,A23063T,C23271A,A23403G,C23604A,C23709T,T24506G,G24914C,G25489T,C27972T,G28048T,A28095T,A28111G,G28280C,A28281T,T28282A,G28881A,G28882A,G28883C,C28977T	11288-11297,21766-21772,21994-21997,28274		30-55,29837-29867	K:410	ChinaCDC_N_F:G28881A;G28882A;G28883C,ChinaCDC_N_R:C28977T	N:M1X,N:D3L,N:R203K,N:G204R,N:S235F,ORF1a:T1001I,ORF1a:A1708D,ORF1a:I2230T,ORF1a:A2345V,ORF1a:L3829F,ORF1b:P314L,ORF1b:D1815E,ORF3a:A33S,ORF8:Q27*,ORF8:R52I,ORF8:K68*,ORF8:Y73C,S:N501Y,S:A570D,S:D614G,S:P681H,S:T716I,S:S982A,S:D1118H	24	ORF1a:S3675-,ORF1a:G3676-,ORF1a:F3677-,S:H69-,S:V70-,S:Y144-	6	29865	89296	29	3000	0	good	55	10	10	good	1	24	1	4.166666666666667	good	9		0	good	0	
WUSTL_000418_L001	19A	3345.6410013717414	bad	0	0	15727	2	9	0	C20941A,G25116T			942-966,1313-2851,3184-5895,6274-7036,7390-8276,8663-8914,9273-9807,10461-11871,12466-13008,13382-13599,13987-14207,15225-15827,16486-17380,17762-18619,18980-19867,21147-21683,22325-23444,23849-24078,24469-25004,25348-25475,25647-25925,26291-26858,27535	W:6273,M:9015,W:9272,R:15828,Y:20823,R:22013,Y:23525,M:23847,M:24467		ORF1b:L2492I,S:R1185L	2		0	27534	79772	941	3000	571.3703703703703	bad	15727	10	90	mediocre	9	24	-6	0	good	2		0	good	0	
WUSTL_000381_L001	20I (Alpha, V1)	49	mediocre	46	0	96	35	7	5	C913T,C2110T,C3037T,C3267T,C5388A,C5986T,T6954C,T7984C,C14120T,C14408T,C14676T,C15279T,T16176C,C19390T,C21855T,A23063T,C23271A,A23403G,C23604A,C23709T,T24506G,G24914C,A26566G,C26822T,C27972T,G28048T,A28095T,A28111G,G28280C,A28281T,T28282A,G28881A,G28882A,G28883C,C28977T	11288-11297,21766-21772,21994-21997,27266-27293,28274		320-343,11688,11825,12358,14769,16310-16317,27191-27222,29837-29868	Y:9408,Y:9520,Y:15455,Y:17444,Y:22313,Y:27884,W:27901	ChinaCDC_N_F:G28881A;G28882A;G28883C,ChinaCDC_N_R:C28977T,Pasteur_IP4_P:C14120T	M:K15R,N:M1X,N:D3L,N:R203K,N:G204R,N:S235F,ORF1a:T1001I,ORF1a:A1708D,ORF1a:I2230T,ORF1b:P218L,ORF1b:P314L,ORF1b:P1975S,ORF6:F22Y,ORF8:Q27*,ORF8:R52I,ORF8:K68*,ORF8:Y73C,S:S98F,S:N501Y,S:A570D,S:D614G,S:P681H,S:T716I,S:S982A,S:D1118H	25	ORF1a:S3675-,ORF1a:G3676-,ORF1a:F3677-,ORF6:K23-,ORF6:V24-,ORF6:S25-,ORF6:I26-,ORF6:W27-,ORF6:N28-,ORF6:L29-,ORF6:D30-,ORF6:Y31-,S:H69-,S:V70-,S:Y144-	15	29866	88344	319	3000	0	good	96	10	70	mediocre	7	24	0	0	good	8		0	good	0	
WUSTL_000368_L001	20I (Alpha, V1)	83.95839849108367	mediocre	10	0	619	38	9	4	C241T,C913T,C3037T,C3267T,G4908A,C5388A,C5986T,T6954C,C7299T,C10301A,C11020T,C11750T,C14408T,T14619C,C14676T,T15096C,C15279T,T16176C,A23063T,C23271A,A23403G,C23604A,C23709T,T24506G,G24914C,G25489T,C27972T,G28048T,A28095T,A28111G,G28280C,A28281T,T28282A,G28881A,G28882A,G28883C,C28977T,G29781T	21766-21772,21994-21997,28274		30-55,5225,5819-5823,11049-11332,18958-19233,21980,29837-29867	R:2859,R:8042,R:11801,Y:11948,S:13486,Y:22210,Y:24106,Y:24436,M:25973	ChinaCDC_N_F:G28881A;G28882A;G28883C,ChinaCDC_N_R:C28977T	N:M1X,N:D3L,N:R203K,N:G204R,N:S235F,ORF1a:T1001I,ORF1a:G1548D,ORF1a:A1708D,ORF1a:I2230T,ORF1a:A2345V,ORF1a:Q3346K,ORF1a:L3829F,ORF1b:P314L,ORF3a:A33S,ORF8:Q27*,ORF8:R52I,ORF8:K68*,ORF8:Y73C,S:N501Y,S:A570D,S:D614G,S:P681H,S:T716I,S:S982A,S:D1118H	25	S:H69-,S:V70-,S:Y144-	3	29865	89315	29	3000	11.814814814814815	good	619	10	90	mediocre	9	24	3	12.5	good	11		0	good	0	
WUSTL_000456_L001	20A	8406.49404663923	bad	0	0	25054	1	1	0	C3037T			1005-2851,3184-6496,6847-7969,8320-17088,17431-20814,21147-26468,26591-27893	K:7994			0		0	27891	81678	664	3000	916.8148148148148	bad	25054	10	10	good	1	24	-8	0	good	0		0	good	0	
WUSTL_000375_L001	21A (Delta)	454.9210013717422	bad	7	0	5521	30	9	2	G210T,C241T,C3037T,C6402T,C7124T,C7765T,C8986T,G9011A,G9053T,C10029T,G15451A,A17236G,C19220T,C21618G,T22917G,A22956C,C22995A,A23403G,C23604G,C25469T,T26767C,T27638C,C27752T,G27861C,C27874T,A28461G,G28881T,G28916T,G29402T,G29742T	28248-28254,28274		30-55,386-943,1943-2529,3508-4322,5297-5587,6529-6746,11049-11585,14272-14546,18037-18919,20543-20814,22014-22291,24146-24417,24766-25004,26291-26543,29837-29868	R:943,Y:2856,Y:3412,Y:10392,R:14546,Y:16466,K:17019,K:17341,R:28734	Charité_RdRp_F:G15451A,ChinaCDC_N_F:G28881T	M:I82T,N:M1X,N:D63G,N:R203M,N:G215C,N:D377Y,ORF1a:P2046L,ORF1a:P2287S,ORF1a:A2916T,ORF1a:V2930L,ORF1a:T3255I,ORF1b:G662S,ORF1b:I1257V,ORF1b:A1918V,ORF3a:S26L,ORF7a:V82A,ORF7a:T120I,ORF7b:D36H,ORF7b:T40I,ORF9b:T60A,S:T19R,S:L452R,S:E465A,S:T478K,S:D614G,S:P681R	26	ORF8:D119-,ORF8:F120-	2	29866	89363	29	3000	193.37037037037038	bad	5521	10	90	mediocre	9	24	0	0	good	8		0	good	0	
WUSTL_000398_L001	20I (Alpha, V1)	1.5625	good	19	0	66	35	0	5	C241T,C913T,C3037T,C3267T,C4763T,C5388A,C5986T,T6954C,C7299T,C11750T,C12784T,C14408T,C14676T,T15096C,C15279T,T16176C,A23063T,C23271A,A23403G,C23604A,T24506G,G24620T,G24914C,G25489T,C27972T,G28048T,A28095T,A28111G,G28280C,A28281T,T28282A,G28881A,G28882A,G28883C,C28977T	11288-11297,21766-21772,21994-21997,28274		19-55,29837-29867		ChinaCDC_N_F:G28881A;G28882A;G28883C,ChinaCDC_N_R:C28977T,Pasteur_IP2_R:C12784T	N:M1X,N:D3L,N:R203K,N:G204R,N:S235F,ORF1a:T1001I,ORF1a:H1500Y,ORF1a:A1708D,ORF1a:I2230T,ORF1a:A2345V,ORF1a:L3829F,ORF1b:P314L,ORF3a:A33S,ORF8:Q27*,ORF8:R52I,ORF8:K68*,ORF8:Y73C,S:N501Y,S:A570D,S:D614G,S:P681H,S:S982A,S:A1020S,S:D1118H	24	ORF1a:S3675-,ORF1a:G3676-,ORF1a:F3677-,S:H69-,S:V70-,S:Y144-	6	29865	89329	18	3000	0	good	66	10	0	good	0	24	3	12.5	good	11		0	good	0	
WUSTL_000425_L001	20I (Alpha, V1)	3.777777777777778	good	19	0	56	42	1	6	C241T,C913T,C1968T,C2110T,C2143T,C3037T,C3267T,C5388A,C5986T,T6954C,G7042T,A10195G,C10834T,C14120T,C14408T,C14676T,C15279T,T16176C,T18471A,C18483T,A23063T,C23271A,A23403G,C23604A,C23709T,T24079C,T24506G,G24914C,C27972T,G28048T,G28075T,A28095T,A28111G,G28280C,A28281T,T28282A,G28881A,G28882A,G28883C,C28977T,T29244G,C29642T	11288-11297,21766-21772,21994-21997,28274		30-55,29837-29868	Y:26645	HKU_N_R:T29244G,ChinaCDC_N_F:G28881A;G28882A;G28883C,ChinaCDC_N_R:C28977T,Pasteur_IP4_P:C14120T	N:M1X,N:D3L,N:R203K,N:G204R,N:S235F,N:V324G,ORF1a:T568I,ORF1a:T1001I,ORF1a:A1708D,ORF1a:I2230T,ORF1a:M2259I,ORF1b:P218L,ORF1b:P314L,ORF1b:D1668E,ORF8:Q27*,ORF8:R52I,ORF8:C61F,ORF8:K68*,ORF8:Y73C,S:N501Y,S:A570D,S:D614G,S:P681H,S:T716I,S:S982A,S:D1118H	26	ORF1a:S3675-,ORF1a:G3676-,ORF1a:F3677-,S:H69-,S:V70-,S:Y144-	6	29866	89271	29	3000	0	good	56	10	10	good	1	24	4	16.666666666666668	good	12		0	good	0	
WUSTL_000370_L001	20I (Alpha, V1)	0	good	19	0	55	33	0	4	C241T,C913T,C2453T,C3037T,C3267T,C5388A,C5986T,C6336T,T6954C,C14408T,C14676T,C15279T,T16176C,G18651T,C21855T,G21974C,A23063T,C23271A,A23403G,C23604A,C23709T,T24506G,G24914C,C27972T,G28048T,A28111G,G28280C,A28281T,T28282A,G28881A,G28882A,G28883C,C28977T	11288-11297,21766-21772,21994-21997,28274		30-55,29837-29867		ChinaCDC_N_F:G28881A;G28882A;G28883C,ChinaCDC_N_R:C28977T	N:M1X,N:D3L,N:R203K,N:G204R,N:S235F,ORF1a:L730F,ORF1a:T1001I,ORF1a:A1708D,ORF1a:S2024L,ORF1a:I2230T,ORF1b:P314L,ORF1b:E1728D,ORF8:Q27*,ORF8:R52I,ORF8:Y73C,S:S98F,S:D138H,S:N501Y,S:A570D,S:D614G,S:P681H,S:T716I,S:S982A,S:D1118H	24	ORF1a:S3675-,ORF1a:G3676-,ORF1a:F3677-,S:H69-,S:V70-,S:Y144-	6	29865	89304	29	3000	0	good	55	10	0	good	0	24	-1	0	good	7		0	good	0	
WUSTL_000416_L001	20I (Alpha, V1)	0	good	19	0	75	34	0	4	C241T,C913T,C3037T,C3267T,G4300T,C5388A,C5986T,T6954C,C7299T,C11750T,C14408T,C14676T,T15096C,C15279T,T16176C,A23063T,C23271A,A23403G,C23604A,C23709T,T24506G,G24914C,G25489T,C27972T,G28048T,A28095T,A28111G,G28280C,A28281T,T28282A,G28881A,G28882A,G28883C,C28977T	11288-11297,21766-21772,21994-21997,28274		11-55,29837-29868		ChinaCDC_N_F:G28881A;G28882A;G28883C,ChinaCDC_N_R:C28977T	N:M1X,N:D3L,N:R203K,N:G204R,N:S235F,ORF1a:T1001I,ORF1a:A1708D,ORF1a:I2230T,ORF1a:A2345V,ORF1a:L3829F,ORF1b:P314L,ORF3a:A33S,ORF8:Q27*,ORF8:R52I,ORF8:K68*,ORF8:Y73C,S:N501Y,S:A570D,S:D614G,S:P681H,S:T716I,S:S982A,S:D1118H	23	ORF1a:S3675-,ORF1a:G3676-,ORF1a:F3677-,S:H69-,S:V70-,S:Y144-	6	29866	89360	10	3000	0	good	75	10	0	good	0	24	0	0	good	8		0	good	0	
WUSTL_000383_L001	20I (Alpha, V1)	1.5625	good	19	0	33	35	0	4	C241T,C913T,C3037T,C3267T,C4763T,C5388A,C5986T,T6954C,C7299T,C9565T,C11750T,C14408T,C14676T,T15096C,C15279T,T16176C,A23063T,C23271A,A23403G,C23604A,T24506G,G24914C,G25489T,A25891G,C27972T,G28048T,A28095T,A28111G,G28280C,A28281T,T28282A,G28881A,G28882A,G28883C,C28977T	11288-11297,21766-21772,21994-21997,28274		28-31,29837-29867		ChinaCDC_N_F:G28881A;G28882A;G28883C,ChinaCDC_N_R:C28977T	N:M1X,N:D3L,N:R203K,N:G204R,N:S235F,ORF1a:T1001I,ORF1a:H1500Y,ORF1a:A1708D,ORF1a:I2230T,ORF1a:A2345V,ORF1a:L3829F,ORF1b:P314L,ORF3a:A33S,ORF3a:I167V,ORF8:Q27*,ORF8:R52I,ORF8:K68*,ORF8:Y73C,S:N501Y,S:A570D,S:D614G,S:P681H,S:S982A,S:D1118H	24	ORF1a:S3675-,ORF1a:G3676-,ORF1a:F3677-,S:H69-,S:V70-,S:Y144-	6	29865	89302	27	3000	0	good	33	10	0	good	0	24	3	12.5	good	11		0	good	0	
WUSTL_000421_L001	20I (Alpha, V1)	2090.5398799725654	bad	1	1	12499	27	7	4	C913T,G2534T,C3037T,C3267T,C5986T,A11117G,C11750T,T16176C,T16939C,C23271A,A23403G,C23604A,C23709T,G24914C,C25276A,G25489T,G27933T,C27972T,G28048T,A28111G,G28280C,A28281T,T28282A,G28881A,G28882A,G28883C,C28977T	28274	24226:T	321-343,1030-1265,1624-1891,2248-2529,3827-5587,6248-7333,7672-8620,9246-10385,10739-11023,11928-12134,13075-13305,13344-13947,14272-16145,16486-16771,18325-19571,20543-20786,21172-21387,21717-21994,22905-23121,23823-24078,24470-24723,25971-26544,29869-29872	Y:1027,Y:12751,W:22904,M:23121,W:24078,M:24468,W:28096	ChinaCDC_N_F:G28881A;G28882A;G28883C,ChinaCDC_N_R:C28977T	N:M1X,N:D3L,N:R203K,N:G204R,N:S235F,ORF1a:V757F,ORF1a:T1001I,ORF1a:I3618V,ORF1a:L3829F,ORF3a:A33S,ORF8:A14S,ORF8:Q27*,ORF8:R52I,ORF8:Y73C,S:A570D,S:D614G,S:P681H,S:T716I,S:D1118H	19		0	29869	88529	320	3000	451.81481481481484	bad	12499	10	70	mediocre	7	24	1	4.166666666666667	good	9		0	good	0	
WUSTL_000450_L001	19A	6168.683799725651	bad	0	0	20807	4	20	0	C4155T,G11354A,G25489T,G25563T			30-1596,1624-1715,1824-1891,1943-3606,3711-3796,3827-4055,4426-4659,4667-4769,4887-5288,5297-5395,5508-5587,5621-5898,5933-6056,6058-6073,6118-6198,6248-6304,6418-6496,6527-6624,6716-7446,7556-8600,8955-9023,9138-9204,9835-9922,10034-10100,10147-10211,10327-10385,10438-10515,10613-10689,10732-11146,11238-11306,11695-12087,12114-12733,13100-13135,13258-13304,13364-13626,13661-13735,13852-13947,13962-14233,14272-14352,14459-14491,14580-14677,14822-14896,14899-15194,15539-15637,15732-15852,15862-16771,16805-16903,16998-17064,17762-17994,18037-18100,18325-18619,18651-18730,18846-19690,19798-21387,21747-21791,21906-21991,22014-23273,23372-23920,24040-24696,25078-25279,25675-25925,25970-26067,26153-26664,26771-26861,26891-27141,27536-27923,28035-28105,28146-28216,28271,28330-29008,29042-29130,29236-29837	K:1778,M:4424,W:6090,R:6647,R:10317,Y:10606,R:11306,K:11694,Y:14408,K:21600,W:21804,D:24696,K:25280,Y:25673,W:27141,Y:27972,R:28111,S:28280,W:28281-28283		ORF1a:T1297I,ORF1a:A3697T,ORF3a:A33S,ORF3a:Q57H	4		0	29835	89403	29	3000	759.5185185185185	bad	20807	10	200	bad	20	24	-4	0	good	4		0	good	0	
Control_JB3_A3_L001	19A	81	mediocre	0	0	56	0	9	0				30-55,29837-29868	Y:10776,Y:24487,M:25117,R:25130,R:25681,R:27009,R:27148,R:28008,M:28634			0		0	29866	89512	29	3000	0	good	56	10	90	mediocre	9	24	-8	0	good	0		0	good	0	
WUSTL_000415_L001	19A	8868.02207133059	bad	1	0	25703	2	4	0	C8888G,G12545A	17501		29,76-943,1339-6168,6275-6466,6875-8888,9273-12440,12780-13007,13379-17380,17763-22261,22347-28255,28781	K:1337,W:6273,W:9272,V:17762		ORF1a:R2875G,ORF1a:A4094T,ORF1b:F1345X	3		0	28780	86242	28	3000	940.8518518518518	bad	25703	10	40	mediocre	4	24	-5	0	good	3		0	good	0	
WUSTL_000365_L001	20I (Alpha, V1)	1991.9485631001373	bad	10	0	12188	26	7	5	C913T,C3037T,A3776G,T5077C,C5388A,C7299T,C10319T,C11750T,C14120T,T15096C,C15279T,T16176C,C16178T,C23271A,A23403G,C23604A,C23709T,T24506G,C26060T,G28280C,A28281T,T28282A,G28881A,G28882A,G28883C,C28977T	11288-11297,28274		55-665,1624-2206,3184-3483,4667-4967,5933-7059,7390-8620,10738-11023,11373-11585,11928-12134,12466-12733,13075-13337,14301-14896,15862-16145,16486-16771,17739-17994,18325-20201,20543-21105,21717-21994,22325-22543,22878-23145,24171-24417,24766-25279,25647-25925,26291-27141,29042-29317,29666-29695	K:13762,D:24170,Y:27972,K:28048,W:28095,R:28111,Y:28144	ChinaCDC_N_F:G28881A;G28882A;G28883C,ChinaCDC_N_R:C28977T,Pasteur_IP4_P:C14120T	N:M1X,N:D3L,N:R203K,N:G204R,N:S235F,ORF1a:T1171A,ORF1a:A1708D,ORF1a:A2345V,ORF1a:L3352F,ORF1a:L3829F,ORF1b:P218L,ORF1b:S904L,ORF3a:T223I,S:A570D,S:D614G,S:P681H,S:T716I,S:S982A	18	ORF1a:S3675-,ORF1a:G3676-,ORF1a:F3677-	3	29693	88776	54	3000	440.2962962962963	bad	12188	10	70	mediocre	7	24	5	20.833333333333332	good	13		0	good	0	
WUSTL_000399_L001	20I (Alpha, V1)	0.6944444444444445	good	19	0	56	40	0	5	C241T,C913T,C2110T,C2143T,C3037T,C3267T,C5388A,C5986T,T6954C,G7042T,A10195G,C10834T,C14120T,C14408T,C14676T,C15279T,T16176C,T18471A,C18483T,A23063T,C23271A,A23403G,C23604A,C23709T,T24506G,G24914C,G26727T,C27972T,G28048T,G28075T,A28095T,A28111G,G28280C,A28281T,T28282A,G28881A,G28882A,G28883C,C28977T,C29642T	11288-11297,21766-21772,21994-21997,28274		30-55,29837-29868		ChinaCDC_N_F:G28881A;G28882A;G28883C,ChinaCDC_N_R:C28977T,Pasteur_IP4_P:C14120T	M:A69S,N:M1X,N:D3L,N:R203K,N:G204R,N:S235F,ORF1a:T1001I,ORF1a:A1708D,ORF1a:I2230T,ORF1a:M2259I,ORF1b:P218L,ORF1b:P314L,ORF1b:D1668E,ORF8:Q27*,ORF8:R52I,ORF8:C61F,ORF8:K68*,ORF8:Y73C,S:N501Y,S:A570D,S:D614G,S:P681H,S:T716I,S:S982A,S:D1118H	25	ORF1a:S3675-,ORF1a:G3676-,ORF1a:F3677-,S:H69-,S:V70-,S:Y144-	6	29866	89279	29	3000	0	good	56	10	0	good	0	24	2	8.333333333333334	good	10		0	good	0	
WUSTL_000458_L001	20J (Gamma, V3)	1842.186227709191	bad	9	4	11876	27	2	3	C241T,T733C,C2749T,C3828T,A5648C,C6250T,A6319G,C6762T,T11239C,C12778T,G17259T,C17745T,C21614T,C21621A,C21638T,G22132T,A22812C,A23403G,C24642T,G25088T,G28167A,A28877T,G28878C,G28881A,G28882A,G28883C,T29377C	11288-11297	28269:AAAC	30-55,386-665,1005-1265,1624-1891,2248-2529,2883-3167,3508-3796,4143-4322,4667-4967,5297-5587,5933-6197,6529-6746,7093-7333,7672-7969,8320-8620,8955-9227,9558-9807,10738-11023,11373-11585,11928-12134,12466-12733,13075-13337,13661-13947,14272-14559,16210-16445,16805-17088,17431-17698,18037-18276,18651-18919,19276-19571,19912-20201,20543-20814,21147-21387,21744-21991,22325-22516,22878-23145,23501-23813,24146-24417,24766-25004,25348-25624,25970-26220,26591-26858,27216-27472,27826-28105,28470-28704,29046-29321,29670-29699	R:8083,W:22516	ChinaCDC_N_F:G28881A;G28882A;G28883C	N:R203K,N:G204R,ORF1a:S1188L,ORF1a:K1795Q,ORF1a:T2166I,ORF1b:E1264D,ORF8:E92K,S:L18F,S:T20N,S:P26S,S:R190S,S:K417T,S:D614G,S:T1027I,S:V1176F	15	ORF1a:S3675-,ORF1a:G3676-,ORF1a:F3677-	3	29693	88850	29	3000	428.74074074074076	bad	11876	10	20	good	2	24	-1	0	good	7		0	good	0	
WUSTL_000448_L001	20A	8221.666680384089	bad	0	0	24601	2	11	0	C14408T,A23403G			665-3144,3533-4069,4426-9227,9558-10076,10461-11332,11695-12416,12804-14353,14421-15960,16036-17203,17316-17698,18350-21659,22040-23122,23523-26543,26891-27784,27839-28687,28780-29666	K:3144,M:4424,Y:10077,W:10460,K:12661,K:12803,R:14369,W:17303,M:18349,K:22038,M:23122		ORF1b:P314L,S:D614G	2		0	29664	86993	664	3000	900.0370370370371	bad	24601	10	110.00000000000001	bad	11	24	-8	0	good	0		0	good	0	
WUSTL_000427_L001	20I (Alpha, V1)	1.5625	good	19	0	51	37	0	4	C241T,C913T,C3037T,C3267T,G4908A,C5388A,C5986T,T6954C,C7299T,C11750T,C14408T,T14619C,C14676T,T15096C,C15279T,T16176C,T21467C,A23063T,C23271A,A23403G,C23604A,C23709T,T24506G,G24914C,G25489T,C27972T,G28048T,A28095T,A28111G,G28280C,A28281T,T28282A,G28881A,G28882A,G28883C,C28977T,G29781T	11288-11297,21766-21772,21994-21997,28274		30-55,29837-29863		ChinaCDC_N_F:G28881A;G28882A;G28883C,ChinaCDC_N_R:C28977T	N:M1X,N:D3L,N:R203K,N:G204R,N:S235F,ORF1a:T1001I,ORF1a:G1548D,ORF1a:A1708D,ORF1a:I2230T,ORF1a:A2345V,ORF1a:L3829F,ORF1b:P314L,ORF1b:M2667T,ORF3a:A33S,ORF8:Q27*,ORF8:R52I,ORF8:K68*,ORF8:Y73C,S:N501Y,S:A570D,S:D614G,S:P681H,S:T716I,S:S982A,S:D1118H	25	ORF1a:S3675-,ORF1a:G3676-,ORF1a:F3677-,S:H69-,S:V70-,S:Y144-	6	29861	89276	29	3000	0	good	51	10	0	good	0	24	3	12.5	good	11		0	good	0	
WUSTL_000402_L001	20J (Gamma, V3)	2.777777777777778	good	9	4	56	42	0	3	C241T,T733C,C1190T,C2749T,C3037T,C3828T,A5648C,A6319G,C6541T,A6613G,G6660A,C6762T,T11239C,C12778T,C13860T,C14408T,G17259T,C17745T,C21614T,C21621A,C21638T,G21974T,G22132T,A22812C,G23012A,A23063T,A23403G,C23525T,C23625T,C24642T,G25088T,T26149C,G28167A,C28512G,C28603T,A28877T,G28878C,G28881A,G28882A,G28883C,C29550T,T29834A	11288-11297	28269:AAAC	30-55,29841-29872		ChinaCDC_N_F:G28881A;G28882A;G28883C	N:P80R,N:R203K,N:G204R,ORF1a:P309S,ORF1a:S1188L,ORF1a:K1795Q,ORF1a:S2132N,ORF1a:T2166I,ORF1b:P314L,ORF1b:E1264D,ORF3a:S253P,ORF8:E92K,ORF9b:Q77E,S:L18F,S:T20N,S:P26S,S:D138Y,S:R190S,S:K417T,S:E484K,S:N501Y,S:D614G,S:H655Y,S:A688V,S:T1027I,S:V1176F	26	ORF1a:S3675-,ORF1a:G3676-,ORF1a:F3677-	3	29866	89309	29	3000	0	good	56	10	0	good	0	24	4	16.666666666666668	good	12		0	good	0	
WUSTL_000419_L001	19A	7047.147997256517	bad	7	0	22733	1	12	0	T21784A	18280-18287		1570-1573,1966-8276,8663-8889,9273-9477,9860-10075,10374,10462-11890,12235-13028,13379-13612,13985-14207,14603-17380,17747-17994,18350-21683,22014-25279,25675-25925,26291-29486,29837-29868	R:1573,W:9272,K:9478,W:9859,Y:10077,S:10334,K:10427,W:10460,Y:13724,M:18349,K:25280,Y:25673		ORF1b:V1607X,S:N74K	2	ORF1b:R1605-,ORF1b:H1606-	2	29866	84863	1569	3000	830.8518518518518	bad	22733	10	120	bad	12	24	-6	0	good	2		0	good	0	
WUSTL_000360_L001	20I (Alpha, V1)	0.17361111111111113	good	19	0	56	35	0	4	C241T,C913T,C2453T,C3037T,C3267T,C5388A,C5986T,T6954C,C8123T,C14408T,C14676T,C15279T,T16176C,G18651T,C20719T,C21855T,G21974C,G22030T,A23063T,C23271A,A23403G,C23604A,C23709T,T24506G,G24914C,C27972T,G28048T,A28111G,G28280C,A28281T,T28282A,G28881A,G28882A,G28883C,C28977T	11288-11297,21766-21772,21994-21997,28274		30-55,29837-29868		ChinaCDC_N_F:G28881A;G28882A;G28883C,ChinaCDC_N_R:C28977T	N:M1X,N:D3L,N:R203K,N:G204R,N:S235F,ORF1a:L730F,ORF1a:T1001I,ORF1a:A1708D,ORF1a:I2230T,ORF1a:L2620F,ORF1b:P314L,ORF1b:E1728D,ORF8:Q27*,ORF8:R52I,ORF8:Y73C,S:S98F,S:D138H,S:E156D,S:N501Y,S:A570D,S:D614G,S:P681H,S:T716I,S:S982A,S:D1118H	25	ORF1a:S3675-,ORF1a:G3676-,ORF1a:F3677-,S:H69-,S:V70-,S:Y144-	6	29866	89299	29	3000	0	good	56	10	0	good	0	24	1	4.166666666666667	good	9		0	good	0	
WUSTL_000364_L001	19A	9695.29086419753	bad	0	0	26748	0	10	0				640-642,1002,1030-3460,3855-5867,6274-15504,15862-17994,18350-29288,29695-29698	M:642,M:958,Y:1027,W:1029,W:3460,W:6273,M:18349,K:29289,K:29402,W:29694			0		0	29696	87172	639	3000	979.5555555555555	bad	26748	10	100	bad	10	24	-8	0	good	0		0	good	0	
WUSTL_000436_L001	20I (Alpha, V1)	2261.5228017832646	bad	0	0	12484	24	15	4	C241T,C913T,C2110T,C3037T,C3267T,C5388A,T6954C,G7042T,A10195G,C14120T,C14408T,T16176C,C22624T,C23271A,A23403G,C23604A,C24797T,G24914C,G25527A,C27972T,G28881A,G28882A,G28883C,G29049A			405-449,570-587,1339-1596,1624-1715,1824-1891,2243-2530,2883-2962,3076-3167,3508-4078,4429-4436,4547-4659,4675-4769,4996-5072,5190-5288,5621-5708,5814-5895,5933-6024,6118-6197,7093-7333,7390-7446,7556-7652,7672-7969,8320-8412,8500-8561,9246-9503,9558-9613,9729-9807,9835-9921,10438-10515,10613-10689,10738-11332,11669-11890,12361-12440,12669-12733,12780-12848,12926,12961-13028,13258-13305,13344,13364-13626,14272-14351,14457-14571,14580-14677,14797-14896,14899-15008,15113-15194,15225-15329,15414-15504,16187-16260,16369-16445,17763-17814,17925-17994,18675-18730,18958-19048,19147-19245,19276-19690,19798-20497,20543-20642,20723-20814,20868-20921,21037-21683,21717-21785,21889,21915-21994,22014-22099,22215-22543,22627-22655,22739-22743,22766-22820,22878-23145,23501-23598,23694-23813,24146-24417,24452-24541,24641-24722,25053-25302,25700-25746,25853-25925,25970-26543,26592-26662,26677,26714,26722-26724,26802-26858,26891-26979,27062-27165,27191-27283,27391-27472,27512-27809,27826-27923,28035-28079,28467-28533,28552-28565,28587-28700,28780-28845,28927-28986,29357-29511,29538-29615,29666-29668,29735-29837	K:943,K:1337,Y:5157,K:5785,K:9708,M:16278,S:17762,R:17846,W:18673,Y:20984,W:26591,K:26715,R:26720,Y:28464,Y:28912	ChinaCDC_N_F:G28881A;G28882A;G28883C,Pasteur_IP4_P:C14120T	N:R203K,N:G204R,N:R259Q,ORF1a:T1001I,ORF1a:A1708D,ORF1a:I2230T,ORF1a:M2259I,ORF1b:P218L,ORF1b:P314L,ORF3a:W45*,ORF8:Q27*,S:A570D,S:D614G,S:P681H,S:P1079S,S:D1118H	16		0	29835	89248	54	3000	451.25925925925924	bad	12484	10	150	bad	15	24	1	4.166666666666667	good	9		0	good	0	
WUSTL_000390_L001	20I (Alpha, V1)	171.77777777777777	bad	19	0	94	41	13	5	C66T,C241T,C913T,C2110T,C3037T,C3267T,C5388A,C5986T,T6954C,T7984C,C10747T,C11750T,C12809T,C14120T,C14408T,C14676T,C15279T,T16176C,C17004T,C17518T,C18329T,C19390T,A23063T,C23271A,A23403G,C23604A,C23709T,T24506G,G24914C,C27972T,G28048T,A28095T,A28111G,C28256T,G28280C,A28281T,T28282A,G28881A,G28882A,G28883C,C28977T	11288-11297,21766-21772,21994-21997,28274		30-55,5686,14851,26714-26716,27191-27222,28688,29837-29870	R:2138,K:3050,M:5838,Y:5956,Y:8669,Y:9508,Y:12362,Y:18098,Y:20044,K:23017,Y:25613,Y:25844,W:28385	ChinaCDC_N_F:G28881A;G28882A;G28883C,ChinaCDC_N_R:C28977T,Pasteur_IP4_P:C14120T	N:M1X,N:D3L,N:R203K,N:G204R,N:S235F,ORF1a:T1001I,ORF1a:A1708D,ORF1a:I2230T,ORF1a:L3829F,ORF1a:L4182F,ORF1b:P218L,ORF1b:P314L,ORF1b:L1351F,ORF1b:T1621I,ORF1b:P1975S,ORF8:Q27*,ORF8:R52I,ORF8:K68*,ORF8:Y73C,S:N501Y,S:A570D,S:D614G,S:P681H,S:T716I,S:S982A,S:D1118H	26	ORF1a:S3675-,ORF1a:G3676-,ORF1a:F3677-,S:H69-,S:V70-,S:Y144-	6	29868	89281	29	3000	0	good	94	10	130	bad	13	24	4	16.666666666666668	good	12		0	good	0	
WUSTL_000433_L001	20I (Alpha, V1)	2545.228604252401	bad	11	0	13897	17	3	0	C241T,C913T,C3037T,C5388A,T6954C,G8324T,C11750T,T16176C,A23063T,C23271A,A23403G,T24506G,G25489T,A28111G,G28280C,A28281T,T28282A	11526,21766-21772,21994-21997,28274		29,1030-1596,1943-2851,3184-3796,4143-4636,5621-5895,6529-6746,7093-7944,8636-9227,9558-10385,10738-11332,12235-13028,13364-14233,14580-15482,15579-15852,16187-17065,18958-19233,19912-20497,20868-21105,23466,23525-24079,24766-25302,26291-26543,26891-28105,28443-29008,29666-29695	Y:1027,W:4638,W:17065		N:M1X,N:D3L,ORF1a:A1708D,ORF1a:I2230T,ORF1a:D2687Y,ORF1a:L3754X,ORF1a:L3829F,ORF3a:A33S,ORF8:Y73C,S:N501Y,S:A570D,S:D614G,S:S982A	13	S:H69-,S:V70-,S:Y144-	3	29693	88879	28	3000	503.5925925925926	bad	13897	10	30	mediocre	3	24	1	4.166666666666667	good	9		0	good	0	
WUSTL_000407_L001	20I (Alpha, V1)	4.340277777777777	good	19	0	76	37	0	4	C241T,C913T,G1957A,A2276G,C2449T,C3037T,A3094T,C3267T,G4136T,C5388A,C5986T,T6954C,C14408T,C14676T,C15279T,T16176C,G19542T,G22841A,A23063T,C23271A,A23403G,C23604A,C23709T,T24506G,G24914C,G25954T,C27213T,C27972T,G28048T,A28111G,G28280C,A28281T,T28282A,G28881A,G28882A,G28883C,C28977T	11288-11297,21766-21772,21994-21997,28274		10-55,29837-29868		ChinaCDC_N_F:G28881A;G28882A;G28883C,ChinaCDC_N_R:C28977T	N:M1X,N:D3L,N:R203K,N:G204R,N:S235F,ORF1a:I671V,ORF1a:T1001I,ORF1a:V1291F,ORF1a:A1708D,ORF1a:I2230T,ORF1b:P314L,ORF1b:M2025I,ORF3a:G188C,ORF8:Q27*,ORF8:R52I,ORF8:Y73C,S:D427N,S:N501Y,S:A570D,S:D614G,S:P681H,S:T716I,S:S982A,S:D1118H	24	ORF1a:S3675-,ORF1a:G3676-,ORF1a:F3677-,S:H69-,S:V70-,S:Y144-	6	29866	89351	9	3000	0	good	76	10	0	good	0	24	5	20.833333333333332	good	13		0	good	0	
WUSTL_000386_L001	20I (Alpha, V1)	85.36008573388203	mediocre	20	0	338	36	9	4	C241T,C913T,T2737C,C3037T,C3267T,C5388A,C5548T,C5986T,T6954C,C7299T,C11750T,T12799A,C14408T,C14676T,T15096C,C15279T,T16176C,T23255C,C23271A,A23403G,C23604A,C23709T,T24506G,G24914C,G25489T,C27972T,G28048T,A28095T,A28111G,G28280C,A28281T,T28282A,G28881A,G28882A,G28883C,C28977T	9009,11288-11297,21766-21772,21994-21997,28274		30-55,2248-2529,25187-25189,29837-29867	W:1024,Y:1473,Y:14481,Y:14914,Y:15144,Y:20837,W:23063,Y:24151,Y:25478	ChinaCDC_N_F:G28881A;G28882A;G28883C,ChinaCDC_N_R:C28977T	N:M1X,N:D3L,N:R203K,N:G204R,N:S235F,ORF1a:T1001I,ORF1a:A1708D,ORF1a:I2230T,ORF1a:A2345V,ORF1a:L2915X,ORF1a:L3829F,ORF1b:P314L,ORF3a:A33S,ORF8:Q27*,ORF8:R52I,ORF8:K68*,ORF8:Y73C,S:F565L,S:A570D,S:D614G,S:P681H,S:T716I,S:S982A,S:D1118H	24	ORF1a:S3675-,ORF1a:G3676-,ORF1a:F3677-,S:H69-,S:V70-,S:Y144-	6	29865	89285	29	3000	1.4074074074074074	good	338	10	90	mediocre	9	24	5	20.833333333333332	good	13		0	good	0	
WUSTL_000371_L001	21A (Delta)	191.1393827160494	bad	6	0	3519	24	7	2	G210T,C241T,C3037T,G4181T,C6402T,C9072T,C10029T,A11332G,G15451A,C16466T,A17236G,C19220T,T22917G,C22995A,A23403G,C25469T,T27638C,C27752T,C27874T,A28461G,G28881T,G28916T,G29402T,G29742T	22029-22035		705-966,1943-2206,7093-7333,11049-11332,13661-13918,14272-14545,16210-16445,18969,19912-20201,21343-21345,21428-21683,23501-23813,24146-24417,28146-28417,29042-29317,29837-29868	Y:12966,R:13919,R:14546,Y:18060,R:26730,Y:26767,K:29781	Charité_RdRp_F:G15451A,ChinaCDC_N_F:G28881T	N:D63G,N:R203M,N:G215C,N:D377Y,ORF1a:A1306S,ORF1a:P2046L,ORF1a:T2936I,ORF1a:T3255I,ORF1b:G662S,ORF1b:P1000L,ORF1b:I1257V,ORF1b:A1918V,ORF3a:S26L,ORF7a:V82A,ORF7a:T120I,ORF7b:T40I,ORF9b:T60A,S:E156G,S:L452R,S:T478K,S:D614G	21	S:F157-,S:R158-	2	29866	89319	54	3000	119.22222222222223	bad	3519	10	70	mediocre	7	24	-2	0	good	6		0	good	0	
Control_JB3_G6_L001	19A	49	mediocre	0	0	55	0	7	0				30-55,29837-29867	Y:10776,M:25117,R:25681,R:27009,R:27148,R:28008,M:28634			0		0	29865	89509	29	3000	0	good	55	10	70	mediocre	7	24	-8	0	good	0		0	good	0	
WUSTL_000394_L001	20I (Alpha, V1)	6.25	good	28	0	176	40	0	4	C241T,C913T,C3037T,C3177T,C3267T,C5388A,C5986T,C6196T,C6213T,C6896T,T6954C,C7299T,C11750T,C14408T,C14676T,T15096C,C15279T,T16176C,C18029T,T21820C,A23063T,C23271A,A23403G,C23604A,C23709T,T24506G,G24914C,G25489T,T26773C,C27972T,G28048T,A28095T,A28111G,G28280C,A28281T,T28282A,G28881A,G28882A,G28883C,C28977T	11288-11297,21766-21772,21984-21996,28274		6-55,22014-22107,22259-22263,29837-29867		ChinaCDC_N_F:G28881A;G28882A;G28883C,ChinaCDC_N_R:C28977T	M:M84T,N:M1X,N:D3L,N:R203K,N:G204R,N:S235F,ORF1a:P971L,ORF1a:T1001I,ORF1a:A1708D,ORF1a:A1983V,ORF1a:I2230T,ORF1a:A2345V,ORF1a:L3829F,ORF1b:P314L,ORF1b:A1521V,ORF3a:A33S,ORF8:Q27*,ORF8:R52I,ORF8:K68*,ORF8:Y73C,S:N501Y,S:A570D,S:D614G,S:P681H,S:T716I,S:S982A,S:D1118H	27	ORF1a:S3675-,ORF1a:G3676-,ORF1a:F3677-,S:H69-,S:V70-,S:L141-,S:G142-,S:V143-,S:Y144-	9	29865	89321	5	3000	0	good	176	10	0	good	0	24	6	25	good	14		0	good	0	
WUSTL_000434_L001	20I (Alpha, V1)	0	good	19	0	50	36	0	5	C241T,C913T,C2110T,C3037T,C3267T,C5388A,C5986T,T6954C,G7042T,A10195G,C14120T,C14408T,C14676T,C15279T,T16176C,C22624T,A23063T,C23271A,A23403G,C23604A,C23709T,T24506G,C24797T,G24914C,C27972T,G28048T,G28075T,A28095T,A28111G,G28280C,A28281T,T28282A,G28881A,G28882A,G28883C,C28977T	11288-11297,21766-21772,21994-21997,28274		5-55		ChinaCDC_N_F:G28881A;G28882A;G28883C,ChinaCDC_N_R:C28977T,Pasteur_IP4_P:C14120T	N:M1X,N:D3L,N:R203K,N:G204R,N:S235F,ORF1a:T1001I,ORF1a:A1708D,ORF1a:I2230T,ORF1a:M2259I,ORF1b:P218L,ORF1b:P314L,ORF8:Q27*,ORF8:R52I,ORF8:C61F,ORF8:K68*,ORF8:Y73C,S:N501Y,S:A570D,S:D614G,S:P681H,S:T716I,S:S982A,S:P1079S,S:D1118H	24	ORF1a:S3675-,ORF1a:G3676-,ORF1a:F3677-,S:H69-,S:V70-,S:Y144-	6	29835	89277	4	3000	0	good	50	10	0	good	0	24	-2	0	good	6		0	good	0	
WUSTL_000439_L001	20I (Alpha, V1)	7553.383827160495	bad	0	0	23541	3	12	0	C23271A,A23403G,G24914C			318-321,705-3483,4166-4967,5323-10076,10462-10666,11049-12416,12804-13603,13986-16748,17154-18896,19299-19548,19941-23122,23524-24722,25053-28757	Y:321,K:4164,W:4165,Y:10077,W:10460,K:12803,K:13985,M:16749,W:17153,R:19548,M:23122,R:23523		S:A570D,S:D614G,S:D1118H	3		0	28755	85303	317	3000	860.7777777777778	bad	23541	10	120	bad	12	24	-8	0	good	0		0	good	0	
WUSTL_000457_L001	20J (Gamma, V3)	1924.0962585733882	bad	9	4	11831	25	10	3	C241T,T733C,C2749T,C3828T,A5648C,C6250T,A6319G,C6762T,T11239C,G17259T,C17745T,C21614T,C21621A,C21638T,G22132T,A22812C,A23403G,C24642T,G28167A,A28877T,G28878C,G28881A,G28882A,G28883C,T29377C	11288-11297	28269:AAAC	29-55,386-665,1030-1265,1624-1891,2248-2529,2883-3167,3508-3796,4143-4322,4675-4967,5297-5587,5933-6197,6529-6746,7093-7333,7672-7969,8320-8620,8955-9227,9558-9807,10147-10385,10738-11023,11373-11585,11928-12134,13075-13337,13661-13918,14272-14571,14899-15194,15539-15852,16805-17065,17431-17698,18037-18276,18651-18919,19276-19571,19912-20201,20543-20814,21143-21145,21171-21387,21744-21991,22325-22543,22904-23122,23524-23813,24146-24417,24766-25004,25348-25624,25970-26220,26567-26858,27191-27472,27826-28081,28470-28704,29670-29699	Y:1027,R:4590,Y:12778,R:13919,W:17065,M:23122,R:23523,K:25049,K:25088,Y:28468	ChinaCDC_N_F:G28881A;G28882A;G28883C	N:R203K,N:G204R,ORF1a:S1188L,ORF1a:K1795Q,ORF1a:T2166I,ORF1b:E1264D,ORF8:E92K,S:L18F,S:T20N,S:P26S,S:R190S,S:K417T,S:D614G,S:T1027I	14	ORF1a:S3675-,ORF1a:G3676-,ORF1a:F3677-	3	29693	88861	28	3000	427.0740740740741	bad	11831	10	100	bad	10	24	1	4.166666666666667	good	9		0	good	0	
WUSTL_000422_L001	20I (Alpha, V1)	3151.9026063100137	bad	18	0	15340	18	7	4	C5986T,C11750T,C14408T,T16939C,C23271A,A23403G,T24506G,G24914C,G25489T,G27933T,C27972T,G28048T,A28095T,A28111G,G28881A,G28882A,G28883C,C28977T	11288-11297,21766-21772,21994-21997		28-1265,2883-5895,6248-7305,8019-8250,8664-8914,9246-9807,10461-11000,11373-11585,12235-12733,13097-13305,13344-14207,14604-15496,15888-16771,17739-18253,18651-18896,20543-21683,22905-23145,23501-24417,25053-25278,25675-26858,28146-28417,29380-29511,29837-29869	K:7305,W:10460,H:18896,W:22904,M:24790,Y:25673,W:29378	ChinaCDC_N_F:G28881A;G28882A;G28883C,ChinaCDC_N_R:C28977T	N:R203K,N:G204R,N:S235F,ORF1a:L3829F,ORF1b:P314L,ORF3a:A33S,ORF8:A14S,ORF8:Q27*,ORF8:R52I,ORF8:K68*,ORF8:Y73C,S:A570D,S:D614G,S:S982A,S:D1118H	15	ORF1a:S3675-,ORF1a:G3676-,ORF1a:F3677-,S:H69-,S:V70-,S:Y144-	6	29867	89383	27	3000	557.0370370370371	bad	15340	10	70	mediocre	7	24	-1	0	good	7		0	good	0	
WUSTL_000459_L001	20I (Alpha, V1)	3324.7360219478737	bad	9	0	15866	14	1	0	C913T,C5388A,A7486T,T7489A,C14408T,T16176C,C19390T,G21249A,C23271A,A23403G,C23604A,C23625T,C23709T,A29499T	11288-11297		642-665,1005-2529,2883-4069,4996-5288,5621-6496,6847-7333,7672-9227,9558-9807,10147-10385,10738-11000,11395-11585,11928-12134,12780-13337,13962-14233,14580-14896,15225-15504,17431-18254,18651-19233,19592-21105,21428-21994,22325-22543,22878-23145,23823-24101,24444-25004,25348-25624,25970-26543,26891-27165,27512-28733,28780-28986	M:25276		N:Q409L,ORF1a:A1708D,ORF1b:P314L,ORF1b:P1975S,S:A570D,S:D614G,S:P681H,S:A688V,S:T716I	9	ORF1a:S3675-,ORF1a:G3676-,ORF1a:F3677-	3	29835	87496	641	3000	576.5185185185185	bad	15866	10	10	good	1	24	-2	0	good	6		0	good	0	
WUSTL_000369_L001	19A	7978.136145404665	bad	0	0	24415	1	1	1	C26333T			705-779,861-4967,5297-18919,19276-24722,25053-26220	Y:26415	Charité_E_P:C26333T	E:T30I	1		0	26565	78666	342	3000	893.1481481481482	bad	24415	10	10	good	1	24	-7	0	good	1		0	good	0	
WUSTL_000438_L001	21A (Delta)	4	good	13	0	56	35	2	2	G210T,C241T,C3037T,G4181T,C6402T,C7124T,C8986T,G9053T,C10029T,A11201G,A11332G,C14408T,G15451A,C16466T,C19220T,G21372T,C21618G,C21846T,G21987A,T22917G,C22995A,A23403G,C23604G,G24410A,C25469T,T26767C,G27604A,T27638C,C27752T,C27874T,A28461G,G28881T,G28916T,G29402T,G29742T	22029-22035,28248-28254,28274		30-55,29837-29868	Y:13176,Y:19938	Charité_RdRp_F:G15451A,ChinaCDC_N_F:G28881T	M:I82T,N:M1X,N:D63G,N:R203M,N:G215C,N:D377Y,ORF1a:A1306S,ORF1a:P2046L,ORF1a:P2287S,ORF1a:V2930L,ORF1a:T3255I,ORF1a:T3646A,ORF1b:P314L,ORF1b:G662S,ORF1b:P1000L,ORF1b:A1918V,ORF1b:Q2635H,ORF3a:S26L,ORF7a:V71I,ORF7a:V82A,ORF7a:T120I,ORF7b:T40I,ORF9b:T60A,S:T19R,S:T95I,S:G142D,S:E156G,S:L452R,S:T478K,S:D614G,S:P681R,S:D950N	32	ORF8:D119-,ORF8:F120-,S:F157-,S:R158-	4	29866	89321	29	3000	0	good	56	10	20	good	2	24	-3	0	good	5		0	good	0	
WUSTL_000417_L001	20B	2293.2580555555555	bad	6	0	11784	9	22	0	C241T,A6028T,T6954C,C14676T,C15279T,G17017T,G28280C,A28281T,T28282A	16907-16912,28274		29-55,510-524,705-966,991,1313-1596,1943-2182,2265-2851,3184-4069,4429-4636,5297-5587,6248-6496,7093-7333,7672-7969,8320-8620,9273-9477,9835-10076,11049-11332,12235-12416,12804-13028,15888-16118,16486-16771,17499,17739-17994,18958-19867,20200,20232-20497,20868-22820,23193-23467,23594-23630,23823-24078,24469-24696,25078-25279,25647-26521,26914-27165,27535-27784,28500-29008,29728	M:622,W:993,W:4638,W:9272,K:9478,Y:10077,Y:11750,K:12803,W:13776,Y:14408,Y:15096,K:15789,M:15887,M:17734,Y:18060,M:24467,D:24696,K:24836,Y:27203,R:28111,Y:28144,M:29585		N:M1X,N:D3L,ORF1a:I2230T,ORF1b:Y1147X,ORF1b:E1184*	5	ORF1b:F1148-	1	29727	89036	28	3000	425.3333333333333	bad	11784	10	220.00000000000003	bad	22	24	1	4.166666666666667	good	9		0	good	0	
WUSTL_000379_L001	20I (Alpha, V1)	1.1736111111111112	good	19	0	55	35	1	4	C241T,C913T,C3037T,C3267T,C4331T,C5388A,C5986T,T6954C,C7299T,C11750T,C14408T,C14676T,T15096C,C15279T,T16176C,A23063T,C23271A,A23403G,C23604A,C23709T,C23854T,T24506G,G24914C,G25489T,C27972T,G28048T,A28095T,A28111G,G28280C,A28281T,T28282A,G28881A,G28882A,G28883C,C28977T	11288-11297,21766-21772,21994-21997,28274		30-55,29837-29867	Y:6040	ChinaCDC_N_F:G28881A;G28882A;G28883C,ChinaCDC_N_R:C28977T	N:M1X,N:D3L,N:R203K,N:G204R,N:S235F,ORF1a:T1001I,ORF1a:A1708D,ORF1a:I2230T,ORF1a:A2345V,ORF1a:L3829F,ORF1b:P314L,ORF3a:A33S,ORF8:Q27*,ORF8:R52I,ORF8:K68*,ORF8:Y73C,S:N501Y,S:A570D,S:D614G,S:P681H,S:T716I,S:S982A,S:D1118H	23	ORF1a:S3675-,ORF1a:G3676-,ORF1a:F3677-,S:H69-,S:V70-,S:Y144-	6	29865	89296	29	3000	0	good	55	10	10	good	1	24	1	4.166666666666667	good	9		0	good	0	
WUSTL_000374_L001	20I (Alpha, V1)	0	good	19	0	55	35	0	5	C241T,C913T,C2110T,C3037T,C3267T,T5278C,C5388A,C5986T,T6954C,G7042T,C14120T,C14408T,C14676T,C15279T,T16176C,C18885T,A23063T,C23271A,A23403G,C23604A,C23709T,G24415T,T24506G,G24914C,C27972T,G28048T,A28095T,A28111G,G28280C,A28281T,T28282A,G28881A,G28882A,G28883C,C28977T	11288-11297,21766-21772,21994-21997,28274		30-55,29837-29867		ChinaCDC_N_F:G28881A;G28882A;G28883C,ChinaCDC_N_R:C28977T,Pasteur_IP4_P:C14120T	N:M1X,N:D3L,N:R203K,N:G204R,N:S235F,ORF1a:T1001I,ORF1a:A1708D,ORF1a:I2230T,ORF1a:M2259I,ORF1b:P218L,ORF1b:P314L,ORF8:Q27*,ORF8:R52I,ORF8:K68*,ORF8:Y73C,S:N501Y,S:A570D,S:D614G,S:P681H,S:T716I,S:S982A,S:D1118H	22	ORF1a:S3675-,ORF1a:G3676-,ORF1a:F3677-,S:H69-,S:V70-,S:Y144-	6	29865	89296	29	3000	0	good	55	10	0	good	0	24	-1	0	good	7		0	good	0	
WUSTL_000395_L001	20I (Alpha, V1)	4.340277777777777	good	19	0	67	40	0	5	C241T,C913T,C2110T,C3037T,C3267T,C5183T,C5388A,C5986T,T6954C,G9130T,C12525T,C14120T,C14408T,C14676T,C15279T,T16176C,A19131C,T21369A,A23063T,C23271A,A23403G,C23604A,C23709T,T24506G,G24914C,G25647T,T27462C,C27741T,C27972T,G28048T,A28095T,A28111G,G28280C,A28281T,T28282A,G28881A,G28882A,G28883C,C28977T,C29555T	11288-11297,21766-21772,21994-21997,28274		8-55,29837-29857		ChinaCDC_N_F:G28881A;G28882A;G28883C,ChinaCDC_N_R:C28977T,Pasteur_IP4_P:C14120T	N:M1X,N:D3L,N:R203K,N:G204R,N:S235F,ORF1a:T1001I,ORF1a:P1640S,ORF1a:A1708D,ORF1a:I2230T,ORF1a:T4087I,ORF1b:P218L,ORF1b:P314L,ORF1b:E1888D,ORF3a:L85F,ORF8:Q27*,ORF8:R52I,ORF8:K68*,ORF8:Y73C,S:N501Y,S:A570D,S:D614G,S:P681H,S:T716I,S:S982A,S:D1118H	25	ORF1a:S3675-,ORF1a:G3676-,ORF1a:F3677-,S:H69-,S:V70-,S:Y144-	6	29855	89312	7	3000	0	good	67	10	0	good	0	24	5	20.833333333333332	good	13		0	good	0	
WUSTL_000429_L001	21A (Delta)	86.25598079561043	mediocre	7	0	919	33	9	2	G210T,C241T,C3037T,G4181T,C6402T,C7124T,C8986T,G9053T,C10029T,A11201G,A11332G,C14408T,G15451A,C16466T,A17236G,C19220T,C21618G,T22917G,C22995A,A23403G,C23604G,C24208T,G24410A,C25469T,T26767C,T27638C,C27752T,C27874T,A28461G,G28881T,G28916T,G29402T,G29742T	28248-28254,28274		3508-3796,15620,21717-22291,24897-24919,26417,27578,29837-29869	Y:4057,Y:6534,Y:6586,Y:12006,Y:12054,Y:16423,W:19626,Y:20436,W:22964	Charité_RdRp_F:G15451A,ChinaCDC_N_F:G28881T	M:I82T,N:M1X,N:D63G,N:R203M,N:G215C,N:D377Y,ORF1a:A1306S,ORF1a:P2046L,ORF1a:P2287S,ORF1a:V2930L,ORF1a:T3255I,ORF1a:T3646A,ORF1b:P314L,ORF1b:G662S,ORF1b:P1000L,ORF1b:I1257V,ORF1b:A1918V,ORF3a:S26L,ORF7a:V82A,ORF7a:T120I,ORF7b:T40I,ORF9b:T60A,S:T19R,S:L452R,S:T478K,S:D614G,S:P681R,S:D950N	28	ORF8:D119-,ORF8:F120-	2	29867	89279	54	3000	22.925925925925927	good	919	10	90	mediocre	9	24	-4	0	good	4		0	good	0	
WUSTL_000380_L001	20B	829.2234602194789	bad	22	0	7378	25	11	3	G443A,A2853C,T3144G,C4540T,C4890T,A6028G,T9880C,C9891T,C10116T,C10138T,C14408T,C21846T,T23287C,A23403G,C23604A,C23664T,C24109A,T26767C,C26801T,C27425T,C28603T,G28881A,G28882A,G28883C,C29769T	7014,21994-21997,27887-27902,28896-28899		1030-1265,2248-2529,2883-3144,3508-4069,7093-7306,7672-8276,10147-10385,10738-11585,13379-13622,13962-14233,14899-15504,16261,18651-18919,19276-19571,20232-21387,22014-22291,22903-23123,24146-24417,25053-25302,28146-28417,29837-29849	Y:1027,K:2150,K:5305,Y:5717,K:7515,S:7629,S:8600,Y:9072,M:9126,Y:17353,R:18363	ChinaCDC_N_F:G28881A;G28882A;G28883C	M:I82T,N:R203K,N:G204R,N:A208G,ORF1a:V60I,ORF1a:E863A,ORF1a:L960W,ORF1a:T1542I,ORF1a:L2250X,ORF1a:A3209V,ORF1a:T3284I,ORF1b:P314L,ORF7a:T11I,ORF7b:*44X,ORF8:F3X,S:T95I,S:D614G,S:P681H,S:A701V	19	N:R209-,ORF8:M1-,ORF8:K2-,S:Y144-	4	29847	88334	342	3000	262.14814814814815	bad	7378	10	110.00000000000001	bad	11	24	11	45.833333333333336	mediocre	19		0	good	0	
WUSTL_000367_L001	20J (Gamma, V3)	92.15057956104252	mediocre	9	4	739	40	9	3	C241T,T733C,C1190T,T1507C,C2749T,C3037T,A3054G,C3828T,A5648C,C6250T,A6319G,T6321C,C6762T,T11239C,C12778T,C13860T,C14408T,G17259T,C17745T,C21614T,C21621A,C21638T,G22132T,A22812C,G23012A,A23063T,A23403G,C23525T,C23625T,C24642T,G25088T,T26149C,C28512G,A28877T,G28878C,G28881A,G28882A,G28883C,T29377C,T29834A	11288-11297	28269:AAAC	30-55,3508-3796,6529-6746,10781-10783,16292-16342,24035,24264,24321-24323,26291-26341,26448-26520,29841-29872	Y:7389,S:7739,Y:10741,K:21974,W:24265,Y:25751,W:26394,S:26520,R:28167	ChinaCDC_N_F:G28881A;G28882A;G28883C	N:P80R,N:R203K,N:G204R,ORF1a:P309S,ORF1a:D930G,ORF1a:S1188L,ORF1a:K1795Q,ORF1a:V2019A,ORF1a:T2166I,ORF1b:P314L,ORF1b:E1264D,ORF3a:S253P,ORF9b:Q77E,S:L18F,S:T20N,S:P26S,S:R190S,S:K417T,S:E484K,S:N501Y,S:D614G,S:H655Y,S:A688V,S:T1027I,S:V1176F	25	ORF1a:S3675-,ORF1a:G3676-,ORF1a:F3677-	3	29866	89317	29	3000	16.25925925925926	good	739	10	90	mediocre	9	24	7	29.166666666666668	good	15		0	good	0	
WUSTL_000431_L001	20J (Gamma, V3)	2.777777777777778	good	9	4	56	42	0	3	C241T,T733C,C1190T,C2749T,C3037T,A3054G,C3828T,A5648C,C6250T,A6319G,C6541T,A6613G,C6762T,T11239C,C12778T,C13860T,C14408T,G17259T,C17745T,C21614T,C21621A,C21638T,G21974T,G22132T,A22812C,G23012A,A23063T,A23403G,C23525T,C23625T,C24642T,G25088T,T26149C,G28167A,C28512G,A28877T,G28878C,G28881A,G28882A,G28883C,T29377C,T29834A	11288-11297	28269:AAAC	30-55,29841-29872		ChinaCDC_N_F:G28881A;G28882A;G28883C	N:P80R,N:R203K,N:G204R,ORF1a:P309S,ORF1a:D930G,ORF1a:S1188L,ORF1a:K1795Q,ORF1a:T2166I,ORF1b:P314L,ORF1b:E1264D,ORF3a:S253P,ORF8:E92K,ORF9b:Q77E,S:L18F,S:T20N,S:P26S,S:D138Y,S:R190S,S:K417T,S:E484K,S:N501Y,S:D614G,S:H655Y,S:A688V,S:T1027I,S:V1176F	26	ORF1a:S3675-,ORF1a:G3676-,ORF1a:F3677-	3	29866	89309	29	3000	0	good	56	10	0	good	0	24	4	16.666666666666668	good	12		0	good	0	
WUSTL_000385_L001	20I (Alpha, V1)	6.25	good	19	0	30	38	0	4	C241T,A802G,C913T,G1957A,A2276G,C3037T,C3267T,G4136T,C5388A,C5512T,C5986T,C6145T,T6954C,A11755T,C14408T,C14676T,C15279T,T16176C,T20613G,C22224T,A23063T,C23271A,A23403G,C23604A,C23709T,T24506G,G24914C,G25954T,C27972T,G28048T,A28111G,G28280C,A28281T,T28282A,G28881A,G28882A,G28883C,C28977T	11288-11297,21766-21772,21994-21997,28274		30-55,29863-29868		ChinaCDC_N_F:G28881A;G28882A;G28883C,ChinaCDC_N_R:C28977T	N:M1X,N:D3L,N:R203K,N:G204R,N:S235F,ORF1a:I671V,ORF1a:T1001I,ORF1a:V1291F,ORF1a:A1708D,ORF1a:I2230T,ORF1b:P314L,ORF3a:G188C,ORF8:Q27*,ORF8:R52I,ORF8:Y73C,S:S221L,S:N501Y,S:A570D,S:D614G,S:P681H,S:T716I,S:S982A,S:D1118H	23	ORF1a:S3675-,ORF1a:G3676-,ORF1a:F3677-,S:H69-,S:V70-,S:Y144-	6	29866	89287	29	3000	0	good	30	10	0	good	0	24	6	25	good	14		0	good	0	
WUSTL_000359_L001	20J (Gamma, V3)	7.25	good	9	4	67	44	1	3	C241T,T733C,C1190T,C2749T,C3037T,A3054G,C3828T,A5648C,C6250T,A6319G,C6541T,A6613G,C6762T,T11239C,C12778T,C13860T,C14408T,G17259T,C17745T,A21137G,C21614T,C21621A,C21638T,G21974T,G22132T,A22812C,G23012A,A23063T,A23403G,C23525T,C23625T,C24642T,G25088T,A26141G,T26149C,G28167A,C28512G,A28877T,G28878C,G28881A,G28882A,G28883C,T29377C,T29834A	11288-11297	28269:AAAC	18-55,29841-29871	Y:29773	ChinaCDC_N_F:G28881A;G28882A;G28883C	N:P80R,N:R203K,N:G204R,ORF1a:P309S,ORF1a:D930G,ORF1a:S1188L,ORF1a:K1795Q,ORF1a:T2166I,ORF1b:P314L,ORF1b:E1264D,ORF1b:K2557R,ORF3a:D250G,ORF3a:S253P,ORF8:E92K,ORF9b:Q77E,S:L18F,S:T20N,S:P26S,S:D138Y,S:R190S,S:K417T,S:E484K,S:N501Y,S:D614G,S:H655Y,S:A688V,S:T1027I,S:V1176F	28	ORF1a:S3675-,ORF1a:G3676-,ORF1a:F3677-	3	29865	89334	17	3000	0	good	67	10	10	good	1	24	6	25	good	14		0	good	0	
WUSTL_000382_L001	20I (Alpha, V1)	0	good	19	0	55	35	0	5	C241T,C913T,C2110T,G3004T,C3037T,C3267T,C5388A,C5986T,T6954C,G7042T,C14120T,C14408T,C14676T,C15279T,T16176C,G16900A,A23063T,C23271A,A23403G,C23604A,C23709T,T24506G,G24914C,C26110T,C27972T,G28048T,A28095T,A28111G,G28280C,A28281T,T28282A,G28881A,G28882A,G28883C,C28977T	11288-11297,21766-21772,21994-21997,28274		30-55,29837-29867		ChinaCDC_N_F:G28881A;G28882A;G28883C,ChinaCDC_N_R:C28977T,Pasteur_IP4_P:C14120T	N:M1X,N:D3L,N:R203K,N:G204R,N:S235F,ORF1a:E913D,ORF1a:T1001I,ORF1a:A1708D,ORF1a:I2230T,ORF1a:M2259I,ORF1b:P218L,ORF1b:P314L,ORF1b:G1145S,ORF3a:P240S,ORF8:Q27*,ORF8:R52I,ORF8:K68*,ORF8:Y73C,S:N501Y,S:A570D,S:D614G,S:P681H,S:T716I,S:S982A,S:D1118H	25	ORF1a:S3675-,ORF1a:G3676-,ORF1a:F3677-,S:H69-,S:V70-,S:Y144-	6	29865	89296	29	3000	0	good	55	10	0	good	0	24	-1	0	good	7		0	good	0	
WUSTL_000387_L001	19A	8499.318532235939	bad	0	0	25139	0	6	0				1241-1265,1624-2529,2883-7059,7390-15827,16512-16749,17154-24696,25078-27472,27826-28255,28465-29289,29666-29837	R:15828,K:16509,M:16749,W:17153,D:24696,K:29289			0		0	29835	85786	1240	3000	919.9629629629629	bad	25139	10	60	mediocre	6	24	-8	0	good	0		0	good	0	
WUSTL_000432_L001	20J (Gamma, V3)	1539.7690123456787	bad	9	4	10806	28	5	3	C241T,T733C,C2749T,C3828T,A5648C,C6250T,A6319G,C6762T,T11239C,C12778T,C15654A,G17259T,C17745T,C21614T,C21621A,C21638T,G22132T,A22812C,A23403G,C24642T,G25088T,G28167A,A28877T,G28878C,G28881A,G28882A,G28883C,T29377C	11288-11297	28269:AAAC	30-55,386,388-665,1030-1265,1624-1891,2248-2529,2883-3167,3508-3796,4143-4322,4675-4967,5297-5587,5933-6197,6548-6746,7118-7333,7672-7969,8320-8618,8955-9227,10147-10385,11395-11585,11928-12134,12466-12733,14272-14546,14899-15194,16187-16445,17431-17698,18037-18276,18651-18919,19276-19571,19912-20201,20543-20814,21167-21387,21744-21991,22325-22543,22904-22964,23048-23123,23501-23813,24146-24417,24766-25004,25348-25624,25970-26220,26591-26858,27216-27472,27826-28082,28470-28704,29046-29321,29670-29701	Y:1027,R:14546,Y:16834,W:17065,K:28469	ChinaCDC_N_F:G28881A;G28882A;G28883C	N:R203K,N:G204R,ORF1a:S1188L,ORF1a:K1795Q,ORF1a:T2166I,ORF1b:D729E,ORF1b:E1264D,ORF8:E92K,S:L18F,S:T20N,S:P26S,S:R190S,S:K417T,S:D614G,S:T1027I,S:V1176F	16	ORF1a:S3675-,ORF1a:G3676-,ORF1a:F3677-	3	29695	88852	29	3000	389.1111111111111	bad	10806	10	50	mediocre	5	24	2	8.333333333333334	good	10		0	good	0	
WUSTL_000401_L001	20J (Gamma, V3)	6.25	good	9	4	235	44	0	3	C241T,T733C,C1190T,C2749T,C3037T,C3828T,A4981G,A5648C,A6319G,C6541T,A6613G,G6660A,C6762T,T11239C,C12778T,C13860T,C14408T,G17259T,C17745T,C21614T,C21621A,C21638T,G21974T,G22132T,A22812C,G23012A,A23063T,A23403G,C23525T,C23625T,C24358A,C24642T,G25088T,T26149C,G28167A,C28512G,C28603T,A28877T,G28878C,G28881A,G28882A,G28883C,C29550T,T29834A	11288-11297	28269:AAAC	30-55,3508-3606,3714-3796,29841-29871		ChinaCDC_N_F:G28881A;G28882A;G28883C	N:P80R,N:R203K,N:G204R,ORF1a:P309S,ORF1a:S1188L,ORF1a:K1795Q,ORF1a:S2132N,ORF1a:T2166I,ORF1b:P314L,ORF1b:E1264D,ORF3a:S253P,ORF8:E92K,ORF9b:Q77E,S:L18F,S:T20N,S:P26S,S:D138Y,S:R190S,S:K417T,S:E484K,S:N501Y,S:D614G,S:H655Y,S:A688V,S:T1027I,S:V1176F	26	ORF1a:S3675-,ORF1a:G3676-,ORF1a:F3677-	3	29865	89298	29	3000	0	good	235	10	0	good	0	24	6	25	good	14		0	good	0	
WUSTL_000428_L001	20I (Alpha, V1)	2.777777777777778	good	19	0	58	36	0	4	C241T,C913T,G1957A,A2276G,C3037T,C3267T,G4136T,C5388A,C5986T,C6145T,T6954C,T10009A,C14408T,C14676T,C15279T,T16176C,C22224T,A23063T,C23271A,A23403G,C23604A,C23709T,T24506G,G24914C,G25954T,C26124T,C27972T,G28048T,A28111G,G28280C,A28281T,T28282A,G28881A,G28882A,G28883C,C28977T	11288-11297,21766-21772,21994-21997,28274		27-55,29837-29867		ChinaCDC_N_F:G28881A;G28882A;G28883C,ChinaCDC_N_R:C28977T	N:M1X,N:D3L,N:R203K,N:G204R,N:S235F,ORF1a:I671V,ORF1a:T1001I,ORF1a:V1291F,ORF1a:A1708D,ORF1a:I2230T,ORF1b:P314L,ORF3a:G188C,ORF8:Q27*,ORF8:R52I,ORF8:Y73C,S:S221L,S:N501Y,S:A570D,S:D614G,S:P681H,S:T716I,S:S982A,S:D1118H	23	ORF1a:S3675-,ORF1a:G3676-,ORF1a:F3677-,S:H69-,S:V70-,S:Y144-	6	29865	89301	26	3000	0	good	58	10	0	good	0	24	4	16.666666666666668	good	12		0	good	0	
WUSTL_000397_L001	20I (Alpha, V1)	436.7904663923182	bad	11	0	5255	38	10	5	C241T,C913T,C2110T,C3037T,C3267T,C5388A,C5986T,T6954C,G7042T,A7697T,C8016T,A10195G,C14120T,C14408T,C14676T,C15279T,T16176C,C21234T,C22527G,C23271A,A23403G,C23604A,C23709T,T24506G,G24914C,C27972T,T28015C,G28048T,G28075T,A28095T,A28111G,G28280C,A28281T,T28282A,G28881A,G28882A,G28883C,C28977T	11082,11288-11297,28274		27-55,3230,3533-3796,4143-4322,6529-6746,7093-7652,8320-8620,8955-9477,11373-11585,12235-12417,13097-13622,17454-17698,18037-18253,18651-18919,19276-19571,20425,20868-21105,21717-21994,22627-23122,25078-25279,29837-29870	W:3532,Y:6023,K:9478,Y:15720,M:17452,M:23122,K:25280,Y:26258,Y:26571,K:28395	ChinaCDC_N_F:G28881A;G28882A;G28883C,ChinaCDC_N_R:C28977T,Pasteur_IP4_P:C14120T	N:M1X,N:D3L,N:R203K,N:G204R,N:S235F,ORF1a:T1001I,ORF1a:A1708D,ORF1a:I2230T,ORF1a:M2259I,ORF1a:K2478*,ORF1a:A2584V,ORF1a:L3606X,ORF1b:P218L,ORF1b:P314L,ORF8:Q27*,ORF8:F41S,ORF8:R52I,ORF8:C61F,ORF8:K68*,ORF8:Y73C,S:P322R,S:A570D,S:D614G,S:P681H,S:T716I,S:S982A,S:D1118H	27	ORF1a:S3675-,ORF1a:G3676-,ORF1a:F3677-	3	29868	89330	26	3000	183.5185185185185	bad	5255	10	100	bad	10	24	0	0	good	8		0	good	0	
WUSTL_000435_L001	20I (Alpha, V1)	1.5625	good	19	0	56	37	0	5	C241T,C913T,C3037T,C3267T,C5388A,C5986T,T6954C,C7299T,C11750T,C14408T,C14676T,C14708T,T15096C,C15279T,T16176C,C18744T,A23063T,C23271A,A23403G,C23604A,C23709T,T24506G,G24914C,G25489T,C27493T,C27972T,G28048T,A28095T,A28111G,G28280C,A28281T,T28282A,G28736T,G28881A,G28882A,G28883C,C28977T	11288-11297,21766-21772,21994-21997,28274		30-55,29837-29868		ChinaCDC_N_F:G28881A;G28882A;G28883C,ChinaCDC_N_R:C28977T,USCDC_N3_R:G28736T	N:M1X,N:D3L,N:A155S,N:R203K,N:G204R,N:S235F,ORF1a:T1001I,ORF1a:A1708D,ORF1a:I2230T,ORF1a:A2345V,ORF1a:L3829F,ORF1b:P314L,ORF1b:A414V,ORF3a:A33S,ORF7a:P34S,ORF8:Q27*,ORF8:R52I,ORF8:K68*,ORF8:Y73C,S:N501Y,S:A570D,S:D614G,S:P681H,S:T716I,S:S982A,S:D1118H	26	ORF1a:S3675-,ORF1a:G3676-,ORF1a:F3677-,S:H69-,S:V70-,S:Y144-	6	29866	89291	29	3000	0	good	56	10	0	good	0	24	3	12.5	good	11		0	good	0	
WUSTL_000384_L001	20I (Alpha, V1)	0.6944444444444445	good	19	0	56	39	0	5	C241T,C913T,C2110T,C3037T,C3267T,C5388A,C5986T,T6954C,T7009C,T7984C,C14120T,C14408T,C14676T,C15279T,T16176C,C19152T,C19390T,G20493A,A23063T,C23271A,A23403G,C23604A,C23709T,T24506G,G24914C,C26447T,C26822T,C27972T,G28048T,A28095T,A28111G,G28280C,A28281T,T28282A,G28881A,G28882A,G28883C,C28977T,G29348T	11288-11297,21766-21772,21994-21997,28274		30-55,29837-29868		ChinaCDC_N_F:G28881A;G28882A;G28883C,ChinaCDC_N_R:C28977T,Pasteur_IP4_P:C14120T	E:S68F,N:M1X,N:D3L,N:R203K,N:G204R,N:S235F,N:A359S,ORF1a:T1001I,ORF1a:A1708D,ORF1a:I2230T,ORF1b:P218L,ORF1b:P314L,ORF1b:P1975S,ORF8:Q27*,ORF8:R52I,ORF8:K68*,ORF8:Y73C,S:N501Y,S:A570D,S:D614G,S:P681H,S:T716I,S:S982A,S:D1118H	24	ORF1a:S3675-,ORF1a:G3676-,ORF1a:F3677-,S:H69-,S:V70-,S:Y144-	6	29866	89283	29	3000	0	good	56	10	0	good	0	24	2	8.333333333333334	good	10		0	good	0	
Control_JB4_H2_L001	19A	36	mediocre	0	0	55	4	6	0	T29728A,T29729A,C29730G,A29731T			30-55,29837-29867	M:3536,R:5273,M:5274,R:5470,M:18183,M:19596			0		0	29865	89493	29	3000	0	good	55	10	60	mediocre	6	24	-4	0	good	4		0	good	0	
WUSTL_000391_L001	20J (Gamma, V3)	1771.1853086419753	bad	9	4	11547	25	6	3	C241T,T733C,C2749T,C3828T,A5648C,A6319G,T11239C,C12778T,G17259T,C17745T,C21614T,C21621A,C21638T,G22132T,A22812C,A23403G,C24642T,G25088T,G28167A,A28877T,G28878C,G28881A,G28882A,G28883C,T29377C	11288-11297	28269:AAAC	8-55,386-665,1030-1265,1624-1891,2248-2529,2883-3144,3508-3796,4143-4322,4675-4967,5297-5587,5933-6197,7093-7333,7672-7969,8320-8620,8955-9205,9558-9807,10147-10385,10738-11023,11373-11585,11928-12134,12466-12733,13075-13337,13670-13918,15539-15852,16805-17088,17431-17698,18037-18276,18651-18919,19276-19571,19912-20201,20543-20814,21147-21387,21744-21991,22325-22543,22879-23145,23501-23813,24146-24417,24766-25004,25348-25624,25970-26220,26591-26858,27218-27423,27826-28082,28469-28704,29046-29321,29670-29699	Y:1027,K:3144,M:3294,Y:6762,R:13919,M:14932	ChinaCDC_N_F:G28881A;G28882A;G28883C	N:R203K,N:G204R,ORF1a:S1188L,ORF1a:K1795Q,ORF1b:E1264D,ORF8:E92K,S:L18F,S:T20N,S:P26S,S:R190S,S:K417T,S:D614G,S:T1027I,S:V1176F	14	ORF1a:S3675-,ORF1a:G3676-,ORF1a:F3677-	3	29693	88924	7	3000	416.55555555555554	bad	11547	10	60	mediocre	6	24	-1	0	good	7		0	good	0	
WUSTL_000426_L001	20I (Alpha, V1)	179.6711111111111	bad	1	0	2982	25	9	4	C241T,C3037T,C3267T,C4763T,C5388A,C5986T,T6954C,C10138T,C11750T,C14408T,C14676T,C15279T,T16176C,A23063T,C23271A,A23403G,C23604A,C23709T,T24506G,G24914C,G25489T,G28881A,G28882A,G28883C,C28977T	21993		30-55,386-665,1943-2206,2613,4429-4636,7093-7333,11049-11332,13962-14233,17454-17698,21717-21993,24146-24417,27826-28417,29837-29868	M:4424,W:4638,Y:8692,Y:8890,Y:15096,S:15822,M:17452,W:25935,Y:26659	ChinaCDC_N_F:G28881A;G28882A;G28883C,ChinaCDC_N_R:C28977T	N:R203K,N:G204R,N:S235F,ORF1a:T1001I,ORF1a:H1500Y,ORF1a:A1708D,ORF1a:I2230T,ORF1a:L3829F,ORF1b:P314L,ORF3a:A33S,S:Y144X,S:N501Y,S:A570D,S:D614G,S:P681H,S:T716I,S:S982A,S:D1118H	18		0	29866	89405	29	3000	99.33333333333333	mediocre	2982	10	90	mediocre	9	24	-2	0	good	6		0	good	0	
WUSTL_000372_L001	20I (Alpha, V1)	0.6944444444444445	good	19	0	55	40	0	5	C241T,C913T,C1288T,G1820A,C2110T,C3037T,C3267T,C5365T,C5388A,C5986T,T6954C,G7042T,A10195G,G11521T,C14120T,G14131A,C14408T,C14676T,C15279T,T16176C,G22627A,A23063T,C23271A,A23403G,C23604A,C23709T,T24506G,G24914C,C27972T,G28048T,G28075T,A28095T,A28111G,G28280C,A28281T,T28282A,G28881A,G28882A,G28883C,C28977T	11288-11297,21766-21772,21994-21997,28274		30-55,29837-29867		ChinaCDC_N_F:G28881A;G28882A;G28883C,ChinaCDC_N_R:C28977T,Pasteur_IP4_P:C14120T	N:M1X,N:D3L,N:R203K,N:G204R,N:S235F,ORF1a:G519S,ORF1a:T1001I,ORF1a:A1708D,ORF1a:I2230T,ORF1a:M2259I,ORF1a:M3752I,ORF1b:P218L,ORF1b:V222I,ORF1b:P314L,ORF8:Q27*,ORF8:R52I,ORF8:C61F,ORF8:K68*,ORF8:Y73C,S:N501Y,S:A570D,S:D614G,S:P681H,S:T716I,S:S982A,S:D1118H	26	ORF1a:S3675-,ORF1a:G3676-,ORF1a:F3677-,S:H69-,S:V70-,S:Y144-	6	29865	89276	29	3000	0	good	55	10	0	good	0	24	2	8.333333333333334	good	10		0	good	0	
WUSTL_000373_L001	19A	7940.296639231825	bad	0	0	24335	1	4	0	C27874T			3283-11292,11396-11555,11698-27141,27535-27787,28173-28645	W:11296,M:11395,R:11555,Y:27176		ORF7b:T40I	1		0	28643	76080	3282	3000	890.1851851851852	bad	24335	10	40	mediocre	4	24	-7	0	good	1		0	good	0	
WUSTL_000388_L001	20I (Alpha, V1)	4238.44548696845	bad	0	0	17776	16	7	4	A951G,C3267T,C14676T,T15096C,T16176C,C23604A,C23709T,G25489T,C27972T,G28048T,A28095T,A28111G,G28881A,G28882A,G28883C,C28977T			320-343,705-945,1029-1891,2248-3145,3534-3796,5019-5587,5933-7967,8663-10100,10438-12733,13098-13622,13962-14207,15225-16145,16805-17065,17454-17698,18037-18254,18651-19549,19912-20201,20543-21994,22878-23444,23823-25284,25647-26543,26891-27784,28146-28255,29357-29511,29837-29868	K:5017,D:8662,W:13097,Y:14571,W:17065,M:17452,Y:22209	ChinaCDC_N_F:G28881A;G28882A;G28883C,ChinaCDC_N_R:C28977T	N:R203K,N:G204R,N:S235F,ORF1a:Y229C,ORF1a:T1001I,ORF3a:A33S,ORF8:Q27*,ORF8:R52I,ORF8:K68*,ORF8:Y73C,S:P681H,S:T716I	12		0	29866	88578	319	3000	647.2592592592592	bad	17776	10	70	mediocre	7	24	-2	0	good	6		0	good	0	
WUSTL_000403_L001	20I (Alpha, V1)	8.340277777777777	good	19	0	10	40	2	5	C241T,C913T,C2110T,C3037T,C3140T,C3267T,C5388A,C5986T,T6954C,A8966G,C12525T,C14120T,C14408T,C14676T,C15279T,T16176C,G16558T,C22502A,A23063T,C23271A,C23277T,A23403G,G23587C,C23604A,C23709T,A24430G,T24506G,G24914C,T27462C,C27972T,G28048T,A28095T,A28111G,G28280C,A28281T,T28282A,G28881A,G28882A,G28883C,C28977T	11288-11297,21766-21772,21994-21997,28274		30,29859-29868	M:31,Y:19733	ChinaCDC_N_F:G28881A;G28882A;G28883C,ChinaCDC_N_R:C28977T,Pasteur_IP4_P:C14120T	N:M1X,N:D3L,N:R203K,N:G204R,N:S235F,ORF1a:P959S,ORF1a:T1001I,ORF1a:A1708D,ORF1a:I2230T,ORF1a:K2901E,ORF1a:T4087I,ORF1b:P218L,ORF1b:P314L,ORF1b:A1031S,ORF8:Q27*,ORF8:R52I,ORF8:K68*,ORF8:Y73C,S:Q314K,S:N501Y,S:A570D,S:T572I,S:D614G,S:Q675H,S:P681H,S:T716I,S:S982A,S:D1118H	28	ORF1a:S3675-,ORF1a:G3676-,ORF1a:F3677-,S:H69-,S:V70-,S:Y144-	6	29866	89279	29	3000	0	good	10	10	20	good	2	24	5	20.833333333333332	good	13		0	good	0	
WUSTL_000376_L001	20I (Alpha, V1)	0.17361111111111113	good	19	0	65	35	0	4	C241T,C913T,C3037T,C3267T,C5388A,C5986T,T6954C,C7299T,C11750T,C14408T,C14676T,T15096C,C15279T,G15543T,T16176C,C18912A,A23063T,C23271A,A23403G,C23604A,C23709T,T24506G,G24914C,G25489T,C27972T,G28048T,A28095T,A28111G,G28280C,A28281T,T28282A,G28881A,G28882A,G28883C,C28977T	11288-11297,21766-21772,21994-21997,28274		28-55,519-524,29837-29870		ChinaCDC_N_F:G28881A;G28882A;G28883C,ChinaCDC_N_R:C28977T	N:M1X,N:D3L,N:R203K,N:G204R,N:S235F,ORF1a:T1001I,ORF1a:A1708D,ORF1a:I2230T,ORF1a:A2345V,ORF1a:L3829F,ORF1b:P314L,ORF1b:D1815E,ORF3a:A33S,ORF8:Q27*,ORF8:R52I,ORF8:K68*,ORF8:Y73C,S:N501Y,S:A570D,S:D614G,S:P681H,S:T716I,S:S982A,S:D1118H	24	ORF1a:S3675-,ORF1a:G3676-,ORF1a:F3677-,S:H69-,S:V70-,S:Y144-	6	29868	89311	27	3000	0	good	65	10	0	good	0	24	1	4.166666666666667	good	9		0	good	0	
WUSTL_000404_L001	20A	8114.077160493825	bad	2	0	24525	3	8	0	C5388A,C7299T,C9627A	9790,9816		343-3791,4143-5288,5621-6467,6875-7059,7696-8620,9860-10999,11396-14207,14300-18596,18740-18750,18981-20201,20543-25004,25348-25624,25970-29735	K:6873,K:7694,W:9859,W:10999,M:11395,K:18596,K:18653,M:18980		ORF1a:A1708D,ORF1a:A2345V,ORF1a:S3121Y,ORF1a:F3175X,ORF1a:L3184X	5		0	29733	88148	342	3000	897.2222222222222	bad	24525	10	80	mediocre	8	24	-4	0	good	4		0	good	0	
WUSTL_000409_L001	21F (Iota)	25	good	10	0	84	21	5	1	C241T,C1059T,C3037T,T9867C,C14408T,G14829T,A16500C,A20262G,A20598G,C21575T,C21846T,A22320G,G23012A,A23403G,C23664T,C25517T,G25563T,C27577T,C27925T,C28869T,G28975A	11288-11297,28274		2-55,29837-29868	Y:13176,K:13571,K:23576,R:27354,Y:27476	ChinaCDC_N_R:G28975A	N:M1X,N:P199L,N:M234I,ORF1a:T265I,ORF1a:L3201P,ORF1b:P314L,ORF1b:M454I,ORF1b:Q1011H,ORF3a:P42L,ORF3a:Q57H,ORF7a:Q62*,ORF8:T11I,S:L5F,S:T95I,S:D253G,S:E484K,S:D614G,S:A701V	18	ORF1a:S3675-,ORF1a:G3676-,ORF1a:F3677-	3	29866	89474	1	3000	0	good	84	10	50	mediocre	5	24	-3	0	good	5		0	good	0	
WUSTL_000392_L001	20I (Alpha, V1)	2.777777777777778	good	19	0	55	38	0	4	C241T,C913T,C3037T,C3267T,C5388A,C5986T,T6954C,C7299T,C11750T,C14408T,C14676T,T15096C,C15279T,T16176C,C17977T,C21595T,T21820C,A23063T,C23271A,A23403G,C23604A,C23709T,T24506G,G24914C,G25489T,G26188A,C27972T,G28048T,A28095T,A28111G,G28280C,A28281T,T28282A,C28807T,G28881A,G28882A,G28883C,C28977T	11288-11297,21766-21772,21994-21997,28274		30-55,29837-29867		ChinaCDC_N_F:G28881A;G28882A;G28883C,ChinaCDC_N_R:C28977T	N:M1X,N:D3L,N:R203K,N:G204R,N:S235F,ORF1a:T1001I,ORF1a:A1708D,ORF1a:I2230T,ORF1a:A2345V,ORF1a:L3829F,ORF1b:P314L,ORF1b:L1504F,ORF3a:A33S,ORF3a:E266K,ORF8:Q27*,ORF8:R52I,ORF8:K68*,ORF8:Y73C,S:N501Y,S:A570D,S:D614G,S:P681H,S:T716I,S:S982A,S:D1118H	25	ORF1a:S3675-,ORF1a:G3676-,ORF1a:F3677-,S:H69-,S:V70-,S:Y144-	6	29865	89284	29	3000	0	good	55	10	0	good	0	24	4	16.666666666666668	good	12		0	good	0	
WUSTL_000420_L001	20I (Alpha, V1)	246.91589849108368	bad	19	0	2887	31	12	5	C2110T,C3037T,C3267T,C5183T,C5388A,C5986T,T6954C,G9130T,C12525T,C14120T,C14408T,C14676T,C15279T,T16176C,T21369A,A23063T,C23271A,A23403G,C23604A,C23709T,T24506G,G25647T,C27741T,G28280C,A28281T,T28282A,G28881A,G28882A,G28883C,C28977T,C29555T	11288-11297,21766-21772,21994-21997,28274		55-343,1339-1402,1494-1503,4143-4322,7093-7333,10738-11023,11373-11585,11928-12134,18958-19233,19912-20201,21428-21683,22485-22487,24146-24417,27191-27472,29837-29869	R:1573,Y:1912,Y:3773,Y:8802,K:14508,S:15602,S:24914,Y:27972,K:28048,W:28095,R:28111,Y:28144	ChinaCDC_N_F:G28881A;G28882A;G28883C,ChinaCDC_N_R:C28977T,Pasteur_IP4_P:C14120T	N:M1X,N:D3L,N:R203K,N:G204R,N:S235F,ORF1a:T1001I,ORF1a:P1640S,ORF1a:A1708D,ORF1a:I2230T,ORF1a:T4087I,ORF1b:P218L,ORF1b:P314L,ORF3a:L85F,S:N501Y,S:A570D,S:D614G,S:P681H,S:T716I,S:S982A	19	ORF1a:S3675-,ORF1a:G3676-,ORF1a:F3677-,S:H69-,S:V70-,S:Y144-	6	29867	89243	54	3000	95.81481481481481	mediocre	2887	10	120	bad	12	24	8	33.333333333333336	mediocre	16		0	good	0	
WUSTL_000413_L001	20I (Alpha, V1)	0	good	19	0	35	33	0	4	C241T,C913T,C2453T,C3037T,C3267T,C5388A,C5986T,C6336T,T6954C,C14408T,C14676T,C15279T,T16176C,G18651T,C21855T,G21974C,A23063T,C23271A,A23403G,C23604A,C23709T,T24506G,G24914C,C27972T,G28048T,A28111G,G28280C,A28281T,T28282A,G28881A,G28882A,G28883C,C28977T	11288-11297,21766-21772,21994-21997,28274		3546-3549,11075,29837-29868		ChinaCDC_N_F:G28881A;G28882A;G28883C,ChinaCDC_N_R:C28977T	N:M1X,N:D3L,N:R203K,N:G204R,N:S235F,ORF1a:L730F,ORF1a:T1001I,ORF1a:A1708D,ORF1a:S2024L,ORF1a:I2230T,ORF1b:P314L,ORF1b:E1728D,ORF8:Q27*,ORF8:R52I,ORF8:Y73C,S:S98F,S:D138H,S:N501Y,S:A570D,S:D614G,S:P681H,S:T716I,S:S982A,S:D1118H	24	ORF1a:S3675-,ORF1a:G3676-,ORF1a:F3677-,S:H69-,S:V70-,S:Y144-	6	29866	89316	26	3000	0	good	35	10	0	good	0	24	-1	0	good	7		0	good	0	
WUSTL_000406_L001	20I (Alpha, V1)	9	good	19	0	56	32	3	4	C241T,C913T,C3037T,C3267T,C5025T,C5388A,C5986T,T6954C,C14408T,C14676T,C15279T,T16176C,C19572T,A23063T,C23271A,A23403G,C23604A,C23709T,T24506G,G24914C,C25460T,G26520T,C27972T,G28048T,A28111G,G28280C,A28281T,T28282A,G28881A,G28882A,G28883C,C28977T	11288-11297,21766-21772,21994-21997,28274		30-55,29837-29868	S:662,Y:1218,Y:4075	ChinaCDC_N_F:G28881A;G28882A;G28883C,ChinaCDC_N_R:C28977T	N:M1X,N:D3L,N:R203K,N:G204R,N:S235F,ORF1a:T1001I,ORF1a:S1587L,ORF1a:A1708D,ORF1a:I2230T,ORF1b:P314L,ORF3a:A23V,ORF8:Q27*,ORF8:R52I,ORF8:Y73C,S:N501Y,S:A570D,S:D614G,S:P681H,S:T716I,S:S982A,S:D1118H	21	ORF1a:S3675-,ORF1a:G3676-,ORF1a:F3677-,S:H69-,S:V70-,S:Y144-	6	29866	89311	29	3000	0	good	56	10	30	mediocre	3	24	-1	0	good	7		0	good	0	
